Timestamp,TrackingID,SpineBaseX,SpineBaseY,SpineBaseZ,SpineMidX,SpineMidY,SpineMidZ,NeckX,NeckY,NeckZ,HeadX,HeadY,HeadZ,ShoulderLeftX,ShoulderLeftY,ShoulderLeftZ,ElbowLeftX,ElbowLeftY,ElbowLeftZ,WristLeftX,WristLeftY,WristLeftZ,HandLeftX,HandLeftY,HandLeftZ,ShoulderRightX,ShoulderRightY,ShoulderRightZ,ElbowRightX,ElbowRightY,ElbowRightZ,WristRightX,WristRightY,WristRightZ,HandRightX,HandRightY,HandRightZ,HipLeftX,HipLeftY,HipLeftZ,KneeLeftX,KneeLeftY,KneeLeftZ,AnkleLeftX,AnkleLeftY,AnkleLeftZ,FootLeftX,FootLeftY,FootLeftZ,HipRightX,HipRightY,HipRightZ,KneeRightX,KneeRightY,KneeRightZ,AnkleRightX,AnkleRightY,AnkleRightZ,FootRightX,FootRightY,FootRightZ,SpineShoulderX,SpineShoulderY,SpineShoulderZ,HandTipLeftX,HandTipLeftY,HandTipLeftZ,ThumbLeftX,ThumbLeftY,ThumbLeftZ,HandTipRightX,HandTipRightY,HandTipRightZ,ThumbRightX,ThumbRightY,ThumbRightZ,
7/24/2024 3:17:32 PM,2,-0.1703085,0.1515485,1.640075,-0.1682369,0.2140096,1.629879,-0.1578792,0.5263152,1.593463,-0.2862307,0.6564659,1.533671,-0.2923458,0.4169922,1.692641,-0.348629,0.1421789,1.841574,-0.4025512,-0.09901315,1.838441,-0.4132702,-0.1856849,1.839399,-0.05204388,0.387423,1.512861,7.517953E-05,0.1402759,1.482887,-0.09002575,-0.08846471,1.444177,-0.1393526,-0.1956109,1.437186,-0.2265134,0.09376623,1.681032,-0.2593271,-0.3056889,1.799591,-0.1968328,-0.6815401,1.85186,-0.2512265,-0.7339383,1.791049,-0.1183776,0.08046011,1.611048,-0.09091771,-0.3395648,1.587302,-0.04300975,-0.6083552,1.67218,-0.09740347,-0.6607534,1.611369,
7/24/2024 3:17:32 PM,2,-0.1699258,0.146022,1.640627,-0.1681393,0.2102462,1.630233,-0.158388,0.5264659,1.593456,-0.2882175,0.6566712,1.536865,-0.2918066,0.4170139,1.691815,-0.3489014,0.1421302,1.842578,-0.4041053,-0.09872951,1.842711,-0.4037746,-0.1369174,1.840388,-0.05382635,0.3869162,1.513174,-0.00177677,0.1406104,1.482632,-0.0959563,-0.08668017,1.444484,-0.1442386,-0.1851306,1.437124,-0.2251943,0.09041159,1.680879,-0.2633637,-0.2980717,1.80005,-0.1975803,-0.6789646,1.851836,-0.2520105,-0.7313095,1.791214,-0.1185387,0.07682996,1.612514,-0.09750952,-0.3393167,1.592202,-0.05607308,-0.6099501,1.667366,-0.1105033,-0.662295,1.606745,
7/24/2024 3:17:32 PM,2,-0.1705531,0.144444,1.63994,-0.1690277,0.208915,1.629573,-0.161959,0.5273713,1.592367,-0.2948364,0.6584715,1.539725,-0.2920617,0.4167782,1.691537,-0.3496542,0.1409902,1.845978,-0.4058191,-0.09978481,1.847732,-0.4059931,-0.1363562,1.848482,-0.05957964,0.3859762,1.510847,-0.008608139,0.1410103,1.47939,-0.1123279,-0.08268932,1.444463,-0.1670145,-0.1804427,1.436984,-0.2249582,0.08935658,1.679889,-0.2755911,-0.3086403,1.809638,-0.1984806,-0.688742,1.853842,-0.2542473,-0.7412376,1.793951,-0.1192839,0.07581741,1.612081,-0.1121019,-0.3306687,1.598458,-0.08636053,-0.6095307,1.6539,-0.1421273,-0.6620263,1.594009,
7/24/2024 3:17:32 PM,2,-0.1729379,0.1383397,1.637257,-0.1718961,0.2041985,1.627184,-0.1683266,0.528697,1.590272,-0.2951634,0.6668724,1.538479,-0.2922384,0.4094648,1.686113,-0.350707,0.1384121,1.851363,-0.4067323,-0.1025544,1.857927,-0.4084337,-0.1354142,1.858546,-0.06903802,0.3842339,1.506779,-0.0192011,0.1384575,1.474004,-0.1335277,-0.08107162,1.444741,-0.1878982,-0.1608323,1.439988,-0.2247086,0.08404662,1.676304,-0.2715269,-0.2672723,1.773318,-0.2180485,-0.6529239,1.841292,-0.2749485,-0.705493,1.782126,-0.1221383,0.07310715,1.610163,-0.1241025,-0.3278795,1.604941,-0.1135967,-0.6173326,1.640469,-0.1704967,-0.6699017,1.581303,
7/24/2024 3:17:32 PM,2,-0.1758675,0.1364098,1.634402,-0.1754133,0.2023315,1.624001,-0.1743753,0.5293788,1.58613,-0.2950992,0.6754001,1.541055,-0.2926384,0.4088192,1.684804,-0.3485318,0.1477322,1.848463,-0.4009805,-0.08579069,1.866161,-0.4097003,-0.135231,1.862021,-0.08128446,0.3823744,1.501141,-0.02920031,0.1367907,1.46849,-0.1906115,-0.1098529,1.4476,-0.226411,-0.1784669,1.440265,-0.2253926,0.08337861,1.674242,-0.2729488,-0.2650845,1.772704,-0.2288715,-0.6558492,1.843249,-0.1881685,-0.6496426,1.739562,-0.1277536,0.07179799,1.605983,-0.1361286,-0.3180944,1.611745,-0.150125,-0.6782204,1.63055,-0.2096322,-0.7302294,1.57429,
7/24/2024 3:17:32 PM,2,-0.1810526,0.1326404,1.630427,-0.1809412,0.1990966,1.619948,-0.1812996,0.5298738,1.581947,-0.2958891,0.682849,1.548841,-0.2929105,0.4034433,1.679153,-0.3469943,0.1464856,1.833176,-0.3972884,-0.07687683,1.871634,-0.4099162,-0.1347438,1.865527,-0.09333321,0.3792894,1.494796,-0.03861621,0.1353737,1.462288,-0.2068436,-0.1083594,1.450951,-0.2538567,-0.1662139,1.446567,-0.2269972,0.08088396,1.672429,-0.2775447,-0.2644292,1.771474,-0.1940866,-0.5658985,1.601885,-0.1827371,-0.6437759,1.622425,-0.1368238,0.06876479,1.598781,-0.141856,-0.3177847,1.614642,-0.1732481,-0.6711379,1.619561,-0.2337891,-0.7221688,1.565829,
7/24/2024 3:17:32 PM,2,-0.1868096,0.1207632,1.621028,-0.1870048,0.1900706,1.611891,-0.1889898,0.5306494,1.577885,-0.296716,0.6928666,1.557093,-0.2924383,0.4001507,1.675203,-0.3457262,0.1504954,1.828762,-0.3888917,-0.06661148,1.878579,-0.4091555,-0.1321134,1.868436,-0.106974,0.375573,1.4869,-0.04833933,0.1339208,1.455257,-0.1951995,-0.05219264,1.451364,-0.252417,-0.1377436,1.453517,-0.2281871,0.07178897,1.662248,-0.1751088,-0.3815861,1.718113,-0.2841346,-0.5733944,1.514888,-0.3471146,-0.6232564,1.464344,-0.1441946,0.06119829,1.590174,-0.08815861,-0.3164349,1.654356,-0.1891837,-0.5864286,1.604346,-0.2521637,-0.6362906,1.553802,
7/24/2024 3:17:32 PM,2,-0.1942756,0.1081125,1.617393,-0.1947642,0.1798513,1.607928,-0.1986778,0.5319453,1.573523,-0.2966063,0.7015193,1.568425,-0.2899145,0.3705506,1.645819,-0.3420865,0.1320085,1.802367,-0.3864872,-0.06594393,1.886363,-0.4046429,-0.1167672,1.871629,-0.1162252,0.3718606,1.478972,-0.05692908,0.1342326,1.4478,-0.2031641,-0.05303583,1.453226,-0.2722729,-0.1266026,1.463237,-0.2326378,0.05912216,1.655868,-0.1871802,-0.3397782,1.610469,-0.2504969,-0.6580126,1.596586,-0.3091087,-0.7063914,1.546063,-0.1522928,0.05568265,1.588319,-0.08949608,-0.3173283,1.653811,-0.1952085,-0.6225041,1.602326,-0.2538203,-0.6708829,1.551802,
7/24/2024 3:17:32 PM,2,-0.1997865,0.09519507,1.610635,-0.2003546,0.1695923,1.601516,-0.2039784,0.5331941,1.569188,-0.3000872,0.7073463,1.579662,-0.2902738,0.3701297,1.643835,-0.34177,0.1336578,1.79646,-0.3786461,-0.05721305,1.890505,-0.399299,-0.1041253,1.874032,-0.1292261,0.3729667,1.469195,-0.07153443,0.1314999,1.437877,-0.2305788,-0.05654679,1.458882,-0.2978299,-0.1218192,1.472939,-0.2353468,0.04556363,1.649354,-0.1878823,-0.3407854,1.610532,-0.2572608,-0.6684451,1.597914,-0.3197505,-0.7163053,1.550628,-0.162017,0.04471387,1.579484,-0.09304801,-0.3197796,1.651565,-0.1724419,-0.6351037,1.81841,-0.2349317,-0.6829638,1.771124,
7/24/2024 3:17:32 PM,2,-0.2184429,0.03903437,1.613911,-0.2179283,0.1223875,1.601371,-0.2085852,0.5356072,1.563383,-0.3059572,0.7109963,1.590973,-0.2916356,0.3709683,1.638817,-0.3424474,0.1367676,1.788423,-0.3758534,-0.0486082,1.887628,-0.3986295,-0.09909604,1.872308,-0.141608,0.3692577,1.461156,-0.1163873,0.1107694,1.424829,-0.2510424,-0.06031863,1.463648,-0.3091204,-0.1178032,1.478739,-0.2535421,0.00484137,1.630373,-0.1957846,-0.348566,1.608722,-0.2774097,-0.7008306,1.602328,-0.342804,-0.7479517,1.557603,-0.1835281,0.005679911,1.604134,-0.09667324,-0.3218311,1.648337,-0.1733916,-0.6357454,1.818541,-0.2387859,-0.6828665,1.773817,
7/24/2024 3:17:33 PM,2,-0.2079252,0.08881158,1.584362,-0.2097697,0.1647072,1.575228,-0.2133206,0.5395106,1.554907,-0.3568151,0.6811811,1.593637,-0.2943748,0.3738731,1.630048,-0.3444213,0.1157748,1.736625,-0.3696336,-0.07080422,1.832335,-0.3931485,-0.09927535,1.804283,-0.1494998,0.3872829,1.433898,-0.121626,0.1430378,1.404014,-0.2392871,-0.03310402,1.439423,-0.3045661,-0.101161,1.472381,-0.2458103,0.04573278,1.607018,-0.2207149,-0.3428623,1.60071,-0.2578718,-0.678865,1.608116,-0.3268543,-0.7255843,1.567248,-0.168408,0.05594034,1.566696,-0.1418154,-0.2949947,1.613474,-0.1803806,-0.6146055,1.794926,-0.2493631,-0.6613249,1.754058,
7/24/2024 3:17:33 PM,2,-0.20786,0.08967386,1.579957,-0.2099793,0.1655654,1.571798,-0.2180091,0.5434514,1.549316,-0.3883377,0.6490518,1.61493,-0.298065,0.3773162,1.62419,-0.3481759,0.1217479,1.730987,-0.3750428,-0.06387328,1.824809,-0.4018772,-0.1179354,1.811713,-0.1560439,0.3899642,1.425484,-0.1350944,0.1485626,1.392899,-0.2412996,-0.03060585,1.436133,-0.3041052,-0.09899843,1.471856,-0.2446223,0.04788071,1.600952,-0.2259944,-0.3418909,1.598272,-0.2573881,-0.6815258,1.608886,-0.327315,-0.728635,1.568819,-0.1689731,0.05722401,1.561932,-0.1440319,-0.2996036,1.644434,-0.1835935,-0.6322898,1.80973,-0.2535205,-0.679399,1.769664,
7/24/2024 3:17:33 PM,2,-0.2088362,0.08891932,1.573883,-0.21159,0.1655775,1.566576,-0.2268564,0.5496204,1.543646,-0.3928164,0.6655536,1.602702,-0.2904386,0.3459554,1.479256,-0.343228,0.1466709,1.659087,-0.3812028,-0.05070391,1.818068,-0.4101233,-0.1191789,1.813232,-0.1605105,0.3913257,1.419199,-0.1583903,0.1527717,1.378809,-0.2548791,-0.0294871,1.425697,-0.3121935,-0.09924713,1.466948,-0.2429658,0.05004967,1.586519,-0.2337562,-0.3376141,1.590441,-0.255497,-0.6825853,1.609739,-0.292021,-0.7352931,1.540885,-0.1707008,0.05770617,1.559761,-0.1705077,-0.2971904,1.63439,-0.188244,-0.6308398,1.806913,-0.2247681,-0.6835476,1.738059,
7/24/2024 3:17:33 PM,2,-0.2052578,0.08080471,1.535121,-0.2088438,0.1609815,1.556514,-0.2360715,0.5556159,1.541049,-0.4026403,0.6714287,1.609377,-0.2832758,0.3708196,1.42768,-0.2760402,0.1221784,1.559387,-0.356044,-0.08112431,1.479145,-0.3904839,-0.1394733,1.507165,-0.1710228,0.3942559,1.410894,-0.1956684,0.144775,1.363806,-0.2941829,-0.03565428,1.421379,-0.3405757,-0.1093129,1.468943,-0.225535,0.0529603,1.531879,-0.2380037,-0.3311871,1.58312,-0.2535418,-0.6727685,1.607984,-0.2691259,-0.7267411,1.531388,-0.1771149,0.05863895,1.53786,-0.1842662,-0.2980806,1.628078,-0.1911456,-0.631943,1.806239,-0.2067297,-0.6859155,1.729643,
7/24/2024 3:17:33 PM,2,-0.2011927,0.08253184,1.53223,-0.2172053,0.1619452,1.548855,-0.2404327,0.5602856,1.536133,-0.409494,0.672564,1.609753,-0.2368602,0.4157254,1.378495,-0.2640717,0.1923504,1.379629,-0.3374302,-0.009995773,1.349451,-0.3622074,-0.07953365,1.415433,-0.1768888,0.3985802,1.411435,-0.2139308,0.1470721,1.356515,-0.3129619,-0.03161728,1.413729,-0.3534988,-0.1069321,1.463604,-0.210884,0.06462447,1.525886,-0.240121,-0.3259893,1.578383,-0.2525652,-0.6597747,1.605418,-0.2094399,-0.7136147,1.53933,-0.1787318,0.06560472,1.534179,-0.1863831,-0.2932917,1.626156,-0.193147,-0.6307075,1.804576,-0.1500217,-0.6845475,1.738488,
7/24/2024 3:17:33 PM,2,-0.1999908,0.08509254,1.530429,-0.217671,0.164445,1.544047,-0.2433059,0.5638485,1.530336,-0.4175054,0.6624383,1.618966,-0.2397126,0.4141997,1.376764,-0.2763077,0.2037661,1.370979,-0.3498147,0.003131643,1.339779,-0.3689653,-0.069304,1.404073,-0.1820562,0.4077862,1.418055,-0.2488168,0.1450259,1.348078,-0.3313771,-0.03742437,1.41203,-0.3696166,-0.1135514,1.461928,-0.2101603,0.06744149,1.526016,-0.2421717,-0.3206739,1.573367,-0.2507574,-0.6102939,1.596303,-0.214415,-0.6827592,1.604074,-0.1802619,0.07159416,1.530107,-0.187438,-0.2904038,1.625684,-0.1947519,-0.6308157,1.805412,-0.1433201,-0.6839444,1.744487,
7/24/2024 3:17:33 PM,2,-0.1980294,0.0929285,1.529976,-0.2197064,0.169617,1.539874,-0.2468812,0.5652398,1.526469,-0.4212326,0.6594197,1.623381,-0.2554722,0.3874998,1.366345,-0.286449,0.1749119,1.333811,-0.3409308,-0.01920285,1.415023,-0.3703872,-0.09672064,1.468072,-0.1658135,0.4304756,1.472931,-0.2596138,0.1717146,1.353805,-0.3493135,-0.01764287,1.388981,-0.3813977,-0.09516642,1.440474,-0.2120752,0.06091285,1.506982,-0.2441317,-0.3138488,1.566796,-0.2520707,-0.6634112,1.603602,-0.1862672,-0.7143519,1.555716,-0.1716021,0.07595307,1.551855,-0.1900626,-0.2863584,1.623008,-0.1961512,-0.6297315,1.804371,-0.1303477,-0.6806722,1.756484,
7/24/2024 3:17:33 PM,2,-0.2098823,0.1417775,1.524433,-0.230919,0.2060656,1.532753,-0.2512734,0.5661811,1.52432,-0.4282092,0.6502466,1.631631,-0.262785,0.3843301,1.365455,-0.2975956,0.170193,1.334884,-0.3487523,-0.01967831,1.41384,-0.3798983,-0.09524801,1.468651,-0.1126903,0.4363022,1.566923,-0.2493001,0.1945078,1.44643,-0.3448631,0.0002212971,1.448272,-0.3814515,-0.08640534,1.477292,-0.2345337,0.07609486,1.486039,-0.2471131,-0.3050872,1.562303,-0.2510782,-0.5988505,1.590474,-0.1810656,-0.6492382,1.547016,-0.169692,0.08435115,1.557983,-0.205104,-0.2949969,1.607512,-0.1993807,-0.6327549,1.803872,-0.1293681,-0.6831426,1.760414,
7/24/2024 3:17:33 PM,2,-0.210081,0.141425,1.524672,-0.2303259,0.2062268,1.534153,-0.2573273,0.5672437,1.523533,-0.433368,0.640157,1.645083,-0.2740465,0.3825205,1.367274,-0.3347737,0.1738938,1.334892,-0.3585497,-0.02184944,1.413614,-0.3841699,-0.0986572,1.469161,-0.1582697,0.4349234,1.498775,-0.2839049,0.1762668,1.419964,-0.3738981,-0.0171545,1.449002,-0.408287,-0.1026608,1.482876,-0.2345537,0.07622758,1.485908,-0.2379795,-0.2698875,1.553618,-0.2508522,-0.5942338,1.588383,-0.1859118,-0.6458717,1.538558,-0.1719901,0.08960257,1.561735,-0.2124453,-0.2960558,1.599305,-0.2030923,-0.627232,1.810548,-0.1381519,-0.6788699,1.760723,
7/24/2024 3:17:33 PM,2,-0.2128946,0.1461644,1.525968,-0.2334611,0.2120465,1.535032,-0.2585653,0.5668692,1.522676,-0.433118,0.6408054,1.646909,-0.285745,0.3816267,1.371489,-0.3603823,0.1284853,1.370499,-0.4274378,-0.09355959,1.493146,-0.4282736,-0.1568943,1.534415,-0.1089212,0.4411961,1.567483,-0.2639762,0.2361765,1.401889,-0.3772068,0.03816462,1.391415,-0.40523,-0.0402263,1.443081,-0.2442935,0.08217819,1.486806,-0.2432779,-0.2720167,1.548776,-0.2497119,-0.5943412,1.587407,-0.2090937,-0.6655082,1.596103,-0.170867,0.09534066,1.564136,-0.2132558,-0.2963523,1.598475,-0.2012457,-0.5585376,1.823024,-0.2176157,-0.5878084,1.716702,
7/24/2024 3:17:33 PM,2,-0.213528,0.1489194,1.527237,-0.2319811,0.2146485,1.535604,-0.2578626,0.5648087,1.519784,-0.4296193,0.6411448,1.647696,-0.2971778,0.3810287,1.37691,-0.3648319,0.129375,1.375143,-0.433134,-0.09544818,1.501344,-0.4429876,-0.1632778,1.546104,-0.1437177,0.4383893,1.522066,-0.05790311,0.2791415,1.680548,-0.05662898,0.07943183,1.751989,-0.06332472,0.01713215,1.787347,-0.2447592,0.08325158,1.486956,-0.2442939,-0.2716493,1.547603,-0.2496539,-0.5943742,1.587127,-0.189987,-0.6471291,1.53165,-0.1713439,0.1017059,1.568872,-0.2137698,-0.2963058,1.598404,-0.2011689,-0.5574455,1.829233,-0.2181033,-0.5871416,1.722976,
7/24/2024 3:17:33 PM,2,-0.2146157,0.1545238,1.52928,-0.2309435,0.2195033,1.536234,-0.2555901,0.5635819,1.518889,-0.4261844,0.64143,1.647762,-0.3061842,0.383526,1.384845,-0.3788145,0.1347161,1.38745,-0.4418748,-0.09850761,1.518967,-0.4517482,-0.1675868,1.562283,-0.1288791,0.4476683,1.540036,-0.05674192,0.277795,1.677352,-0.05507335,0.07738917,1.74691,-0.06173301,0.0154251,1.782077,-0.2478299,0.08710909,1.488741,-0.2454078,-0.2712989,1.546372,-0.2499054,-0.594709,1.586772,-0.1926882,-0.6478876,1.529044,-0.1708196,0.104844,1.570501,-0.2145467,-0.2964252,1.601849,-0.2076562,-0.620863,1.823986,-0.2214137,-0.6234833,1.713168,
7/24/2024 3:17:33 PM,2,-0.215419,0.1562579,1.530799,-0.2299723,0.2214279,1.536918,-0.2542762,0.5629901,1.519253,-0.4238076,0.6422232,1.649813,-0.3143046,0.3856386,1.3937,-0.3906058,0.1634437,1.396512,-0.4478644,-0.08406387,1.528,-0.4591901,-0.1640552,1.573723,-0.1260919,0.4471103,1.542476,-0.07721825,0.2497054,1.656094,-0.06516583,0.05164675,1.729644,-0.06353915,-0.03394482,1.774696,-0.2508617,0.0890892,1.491453,-0.2573456,-0.2479812,1.55308,-0.2527964,-0.6007798,1.587777,-0.1988029,-0.6545596,1.527169,-0.1706393,0.1053445,1.571096,-0.2149349,-0.2976893,1.61027,-0.2012866,-0.5893526,1.830383,-0.2174884,-0.6074225,1.72107,
7/24/2024 3:17:33 PM,2,-0.2148679,0.1596208,1.535405,-0.2276804,0.2248959,1.540278,-0.2508765,0.5626745,1.520941,-0.3778183,0.6741029,1.681452,-0.3213189,0.3884887,1.404471,-0.3994772,0.1527112,1.411873,-0.4433014,-0.02796455,1.507984,-0.457644,-0.1066958,1.561956,-0.1170906,0.4499083,1.550673,-0.07197096,0.2471754,1.652595,-0.06158951,0.0489042,1.728684,-0.06014426,-0.03749203,1.771707,-0.2527834,0.09144859,1.497282,-0.2624213,-0.3034276,1.574793,-0.2547054,-0.601247,1.588348,-0.2040123,-0.6554531,1.525315,-0.1681008,0.106581,1.57483,-0.2157918,-0.2961555,1.620939,-0.2196267,-0.5454867,1.808388,-0.23512,-0.569517,1.700122,
7/24/2024 3:17:33 PM,2,-0.2155398,0.1598961,1.539805,-0.2265786,0.2257012,1.543722,-0.2473322,0.562764,1.524262,-0.3779312,0.6751196,1.679688,-0.3270129,0.3916786,1.416693,-0.4019406,0.1572361,1.418614,-0.4483191,-0.0243686,1.51101,-0.4607884,-0.09840349,1.571311,-0.1152962,0.4487768,1.551602,-0.04559267,0.2633114,1.655597,-0.04462104,0.04663533,1.726706,-0.04872526,-0.04097594,1.766459,-0.2564574,0.09250028,1.504933,-0.2918174,-0.301783,1.59556,-0.2598952,-0.601396,1.591347,-0.2131359,-0.6560235,1.525758,-0.1674966,0.1056592,1.577642,-0.2137474,-0.2999665,1.63531,-0.2123929,-0.5175398,1.814096,-0.2281703,-0.5351778,1.704701,
7/24/2024 3:17:33 PM,2,-0.215796,0.1611929,1.54658,-0.2252398,0.2276349,1.5501,-0.2433577,0.5650547,1.531674,-0.3763378,0.6787142,1.682936,-0.3309733,0.3960176,1.430486,-0.41025,0.1575772,1.4387,-0.4585369,-0.02589802,1.52593,-0.470014,-0.1006876,1.585171,-0.1082605,0.4468957,1.556638,-0.04212992,0.2590187,1.650896,-0.0411151,0.04471966,1.717533,-0.04432099,-0.04329534,1.755975,-0.2594328,0.09462684,1.514567,-0.2951707,-0.2974198,1.596704,-0.2651323,-0.603092,1.596896,-0.2222996,-0.6580902,1.528995,-0.1661441,0.1051525,1.581426,-0.2147666,-0.2998803,1.639637,-0.2236207,-0.6082087,1.823701,-0.2400093,-0.6301262,1.715188,
7/24/2024 3:17:33 PM,2,-0.2157087,0.1622663,1.554754,-0.2234527,0.2294929,1.558486,-0.2360966,0.5700587,1.544375,-0.37493,0.682945,1.68935,-0.3337601,0.4016541,1.445803,-0.4154432,0.1592587,1.456915,-0.4604315,-0.02950707,1.534481,-0.4715641,-0.1026397,1.595601,-0.09943046,0.4444765,1.562422,-0.03775089,0.2547551,1.647092,-0.03856676,0.03988129,1.710547,-0.04244836,-0.04926379,1.745846,-0.2625852,0.09626789,1.525801,-0.2948127,-0.2980674,1.599788,-0.2695258,-0.6026219,1.602643,-0.2308969,-0.6579739,1.53246,-0.1644927,0.1046581,1.585722,-0.2123162,-0.3298367,1.693799,-0.2279844,-0.6884352,1.852666,-0.1893555,-0.7437873,1.782482,
7/24/2024 3:17:33 PM,2,-0.2128136,0.1635018,1.566721,-0.2189985,0.2321834,1.5716,-0.2261952,0.5807229,1.562271,-0.3795754,0.686029,1.69505,-0.3324082,0.4084149,1.463539,-0.4198086,0.1893094,1.472148,-0.456464,-0.003066376,1.543623,-0.4659318,-0.07699124,1.60398,-0.09084579,0.4440452,1.567954,-0.03241748,0.2499857,1.642065,-0.02633949,-0.01560192,1.717357,-0.032903,-0.1033448,1.755509,-0.2624392,0.09807597,1.539477,-0.3033031,-0.2963508,1.61412,-0.2753339,-0.6038399,1.611934,-0.2410647,-0.6595465,1.539563,-0.1600035,0.1046128,1.593728,-0.1644993,-0.323208,1.738735,-0.229908,-0.7067074,1.858165,-0.1956389,-0.762414,1.785794,
7/24/2024 3:17:33 PM,2,-0.2110964,0.1648449,1.577051,-0.2161883,0.2342594,1.58155,-0.2212197,0.5843378,1.570524,-0.3095442,0.7072729,1.752622,-0.3321623,0.4112948,1.477321,-0.4214255,0.1950004,1.483116,-0.4571513,0.005505487,1.559093,-0.4664016,-0.06860375,1.619133,-0.07324238,0.4403105,1.579055,-0.02362629,0.2405518,1.639529,-0.01845405,0.03505495,1.686899,-0.02394802,-0.05208785,1.726376,-0.2642131,0.09995751,1.553936,-0.3091833,-0.2961563,1.625087,-0.2800441,-0.6075847,1.623093,-0.2484744,-0.6635337,1.54953,-0.15626,0.1037065,1.600603,-0.1544886,-0.3236815,1.745374,-0.2288378,-0.6980346,1.853621,-0.1972681,-0.7539837,1.780058,
7/24/2024 3:17:33 PM,2,-0.2092367,0.1643689,1.587777,-0.2125928,0.2345125,1.592665,-0.2096411,0.5880957,1.583935,-0.2499437,0.7177499,1.781087,-0.3289915,0.4154361,1.494297,-0.4226977,0.1997872,1.503327,-0.4599485,0.008917987,1.573569,-0.4687412,-0.06439788,1.634522,-0.0690728,0.4367208,1.582175,-0.01816241,0.2375703,1.637663,-0.01670866,0.03482703,1.68647,-0.02185719,-0.05294392,1.724384,-0.2649105,0.10155,1.566906,-0.3145675,-0.301051,1.638512,-0.2857423,-0.6088393,1.635144,-0.2582558,-0.6650326,1.560002,-0.1538103,0.1018394,1.608045,-0.1545127,-0.3291333,1.749493,-0.2331432,-0.7051162,1.852081,-0.2056567,-0.7613094,1.776939,
7/24/2024 3:17:33 PM,2,-0.2062416,0.1643942,1.598453,-0.2083101,0.2351827,1.603587,-0.2022704,0.5911396,1.59429,-0.2762405,0.7241667,1.77627,-0.3265475,0.4204941,1.509351,-0.4227271,0.2014107,1.525657,-0.4629949,0.01449312,1.601682,-0.4709171,-0.0615033,1.659325,-0.06498358,0.4351454,1.585421,-0.01167891,0.2322571,1.636098,-0.01377392,0.0306312,1.684889,-0.01877762,-0.05731166,1.722332,-0.2634838,0.1027672,1.579671,-0.3213275,-0.304557,1.65503,-0.2924317,-0.6095058,1.647651,-0.2686356,-0.6659228,1.571227,-0.1505391,0.1009226,1.615853,-0.1551071,-0.3353074,1.754376,-0.2348858,-0.710825,1.853853,-0.2110897,-0.767242,1.777428,
7/24/2024 3:17:33 PM,2,-0.2032913,0.1649425,1.607898,-0.2042793,0.2358495,1.61227,-0.1956335,0.5914875,1.600823,-0.2956666,0.7248538,1.76606,-0.3236951,0.4242925,1.522712,-0.4207167,0.2057318,1.544603,-0.4638366,0.01911138,1.618687,-0.4724196,-0.05700497,1.675972,-0.06042545,0.4333504,1.589534,-0.004638615,0.226557,1.635742,-0.01357225,0.02607815,1.685916,-0.01807916,-0.06214429,1.722596,-0.2617852,0.1040433,1.591046,-0.3255278,-0.3078347,1.668726,-0.3054761,-0.6092067,1.666556,-0.2846878,-0.6658006,1.589257,-0.1473991,0.1008992,1.62394,-0.1556099,-0.3390264,1.758428,-0.2352327,-0.7099674,1.852847,-0.2144444,-0.7665613,1.775548,
7/24/2024 3:17:33 PM,2,-0.2014747,0.1659485,1.613835,-0.2019752,0.2350426,1.6153,-0.187698,0.5644736,1.595636,-0.1508564,0.7416909,1.739453,-0.3207102,0.4288657,1.535804,-0.4201027,0.1922763,1.570896,-0.464927,0.01208657,1.656734,-0.4747325,-0.06661239,1.709987,-0.05679424,0.433423,1.592734,-0.0004388869,0.2239261,1.635606,-0.008809584,0.02318956,1.684803,-0.01422759,-0.06461991,1.722027,-0.2604645,0.105866,1.60148,-0.3291328,-0.312299,1.687057,-0.3132412,-0.6112019,1.678861,-0.2956995,-0.6681011,1.600973,-0.1452475,0.1018732,1.630434,-0.1547688,-0.3408815,1.760867,-0.2352149,-0.7054393,1.849986,-0.2176732,-0.7623385,1.772098,
7/24/2024 3:17:33 PM,2,-0.198728,0.1674329,1.62433,-0.1970121,0.2376651,1.629184,-0.1697159,0.5968919,1.627286,-0.185379,0.7959975,1.729255,-0.316483,0.435813,1.54985,-0.419905,0.2059902,1.582663,-0.4625294,0.02316116,1.664562,-0.4725049,-0.05257447,1.721757,-0.05136558,0.4325384,1.597693,0.005739346,0.2117923,1.637522,-0.004252393,0.01135816,1.687492,-0.01199232,-0.07589804,1.725349,-0.2596523,0.1071886,1.611133,-0.3337405,-0.3170817,1.709611,-0.3235552,-0.6169904,1.700835,-0.3089944,-0.6736091,1.62209,-0.1433562,0.1030563,1.636956,-0.1532086,-0.3392389,1.763394,-0.231803,-0.698823,1.846652,-0.2172422,-0.7554416,1.767907,
7/24/2024 3:17:33 PM,2,-0.1967628,0.1688575,1.632436,-0.1939356,0.2392468,1.637001,-0.1677998,0.5963209,1.628722,-0.1361838,0.7827904,1.75758,-0.3124893,0.440121,1.560979,-0.4188842,0.2124778,1.595156,-0.4608962,0.03145427,1.680697,-0.4725202,-0.04479811,1.736756,-0.04602289,0.4328397,1.602131,0.007542929,0.2109479,1.637756,0.000856902,0.01037425,1.687686,-0.005073958,-0.07671279,1.726064,-0.2588487,0.1091995,1.622578,-0.3424809,-0.3202664,1.736572,-0.3325669,-0.6182171,1.714331,-0.3203163,-0.6749381,1.635197,-0.142078,0.1043861,1.642112,-0.1516426,-0.3375942,1.765321,-0.2300986,-0.6938891,1.842923,-0.217848,-0.7506102,1.763789,
7/24/2024 3:17:33 PM,2,-0.1939896,0.1702507,1.642227,-0.1895498,0.2413528,1.647642,-0.1579094,0.5998696,1.639187,-0.14113,0.7966125,1.748623,-0.3097644,0.4427034,1.570477,-0.4179028,0.217138,1.610799,-0.4589218,0.04152119,1.706076,-0.4539438,-0.006563911,1.759304,-0.04088515,0.4326827,1.606285,0.01000424,0.2089214,1.639201,0.003952437,0.008402854,1.689384,0.003539552,-0.07846241,1.728592,-0.2576059,0.1106285,1.634897,-0.3507391,-0.3276429,1.763206,-0.3381553,-0.6247472,1.725063,-0.3277855,-0.6815109,1.645582,-0.1401467,0.1056655,1.648151,-0.1511008,-0.3367742,1.766922,-0.2300974,-0.6935039,1.842325,-0.2197276,-0.7502676,1.762844,
7/24/2024 3:17:33 PM,2,-0.1920558,0.1725868,1.650279,-0.1866069,0.2434115,1.654489,-0.1526162,0.5996697,1.64292,-0.1622787,0.8002808,1.742742,-0.3064873,0.4445766,1.581251,-0.4165394,0.2201232,1.631013,-0.4583691,0.04202951,1.721893,-0.4532973,-0.005395775,1.768707,-0.03530542,0.4335417,1.610116,0.01124287,0.2089086,1.640504,0.005387839,0.008445188,1.69098,0.004457811,-0.07825485,1.730443,-0.2566819,0.1134876,1.647554,-0.3509159,-0.3288022,1.780835,-0.3467157,-0.625684,1.742478,-0.3387811,-0.6825377,1.662671,-0.1388927,0.1075591,1.653217,-0.1507115,-0.335483,1.768836,-0.2291373,-0.6909909,1.840628,-0.2212026,-0.7478446,1.760821,
7/24/2024 3:17:33 PM,2,-0.1919023,0.1731695,1.658754,-0.1851688,0.2438741,1.661051,-0.1480117,0.5986578,1.646249,-0.1659608,0.7977191,1.749782,-0.2919227,0.4511279,1.594921,-0.4108616,0.237595,1.641635,-0.4558569,0.05174109,1.737965,-0.4532747,-0.006683782,1.791413,-0.0307781,0.433452,1.613295,0.01411384,0.2116604,1.642495,0.01029158,0.01132233,1.693164,0.008215943,-0.07495505,1.733433,-0.2563903,0.1164242,1.658607,-0.3443916,-0.326649,1.799639,-0.3541624,-0.633783,1.767609,-0.3495531,-0.6907275,1.687482,-0.1400924,0.1088354,1.660838,-0.1525778,-0.3327455,1.772825,-0.2284464,-0.6889398,1.839614,-0.2238371,-0.7458842,1.759488,
7/24/2024 3:17:33 PM,2,-0.1908007,0.173857,1.665357,-0.1832576,0.2449514,1.667565,-0.1431959,0.6014854,1.653945,-0.1648598,0.8027272,1.749752,-0.2859294,0.4558661,1.603509,-0.4123303,0.2487245,1.655481,-0.4566005,0.05901473,1.750765,-0.4539587,0.00081766,1.804358,-0.0288623,0.4334068,1.6149,0.01530838,0.2125448,1.643821,0.01316771,0.01241516,1.694836,0.01037074,-0.07303425,1.736724,-0.2551935,0.1191818,1.666706,-0.3396137,-0.326595,1.808894,-0.3413326,-0.664192,1.815246,-0.3752168,-0.7311865,1.778186,-0.1395414,0.1096042,1.665184,-0.153181,-0.3315667,1.775622,-0.2267578,-0.681064,1.836597,-0.2245147,-0.7379769,1.756235,
7/24/2024 3:17:33 PM,2,-0.1899941,0.1748985,1.672232,-0.1816407,0.2464307,1.67424,-0.1388017,0.605322,1.661795,-0.1682956,0.8066031,1.754643,-0.278668,0.4623072,1.614216,-0.4146751,0.2626322,1.672317,-0.4585929,0.06484064,1.767433,-0.4559125,0.006684472,1.820962,-0.02785208,0.4332848,1.616045,0.01607218,0.2114722,1.644357,0.01473997,0.0119811,1.697078,0.01191873,-0.07214232,1.741537,-0.2537995,0.1224169,1.675629,-0.3336,-0.3227848,1.828393,-0.3430407,-0.6772829,1.836938,-0.3441635,-0.7341267,1.756372,-0.1395766,0.1110291,1.669877,-0.1527427,-0.3292181,1.780162,-0.2268538,-0.6815106,1.836746,-0.2279765,-0.7383543,1.756181,
7/24/2024 3:17:34 PM,2,-0.189829,0.1753035,1.679678,-0.1804117,0.2470535,1.681755,-0.132867,0.6072438,1.671273,-0.1712588,0.8111484,1.746486,-0.2702762,0.4680193,1.623635,-0.4148157,0.2683904,1.683729,-0.4564643,0.09314963,1.778803,-0.4421048,0.08408515,1.802101,-0.02741336,0.4331779,1.616736,0.01605888,0.2101589,1.64461,0.015828,0.01089966,1.69804,0.01170215,-0.07038777,1.747332,-0.2527097,0.1246678,1.684522,-0.3111067,-0.3245094,1.839345,-0.3444495,-0.7014915,1.878504,-0.4028851,-0.7585458,1.897615,-0.1409784,0.1128424,1.675457,-0.1460099,-0.2892056,1.780212,-0.225855,-0.6757712,1.835821,-0.2301776,-0.7324936,1.755192,
7/24/2024 3:17:34 PM,2,-0.1886654,0.1763013,1.686692,-0.1782683,0.2483901,1.689337,-0.1269893,0.6107539,1.680871,-0.1835048,0.8122888,1.745516,-0.2658368,0.4733724,1.632867,-0.4131146,0.2765291,1.699348,-0.4550848,0.09440432,1.782365,-0.4404729,0.08797134,1.808664,-0.02727426,0.4332424,1.617003,0.01368521,0.2052794,1.644966,0.02362611,0.006127534,1.715741,0.01287976,-0.07456084,1.765015,-0.2506384,0.127249,1.693457,-0.299658,-0.3253976,1.846327,-0.3880086,-0.7207279,1.940445,-0.3956975,-0.7773249,1.859841,-0.1412267,0.1143694,1.679922,-0.1464576,-0.2916147,1.782913,-0.2265745,-0.6799282,1.836833,-0.2342634,-0.7365251,1.756228,
7/24/2024 3:17:34 PM,2,-0.1866385,0.1748591,1.6946,-0.1755029,0.2472937,1.69731,-0.1227181,0.6112787,1.688592,-0.1813613,0.8139731,1.739524,-0.2533444,0.4767388,1.641705,-0.4171167,0.2835689,1.724954,-0.449805,0.0965808,1.802534,-0.4372203,0.09499812,1.828694,-0.02722135,0.4331661,1.617285,0.0111698,0.2044398,1.643084,0.01538872,0.001846844,1.717735,0.009021843,-0.07736883,1.770205,-0.2460086,0.1280006,1.703807,-0.2898223,-0.3280891,1.855103,-0.3716994,-0.689896,1.993974,-0.4123875,-0.7823104,1.964463,-0.1413755,0.1150251,1.684935,-0.1701154,-0.3204321,1.804796,-0.226996,-0.684214,1.838248,-0.2383946,-0.7407349,1.757769,
7/24/2024 3:17:34 PM,2,-0.1873012,0.1709312,1.701933,-0.1749008,0.2443966,1.704572,-0.1168951,0.6131558,1.697272,-0.1886176,0.8119814,1.729485,-0.2420918,0.4788119,1.648584,-0.4162178,0.28878,1.744709,-0.4477473,0.104386,1.828549,-0.4351384,0.10421,1.851662,-0.02835562,0.4328674,1.617583,0.006374534,0.2030573,1.639849,0.006528963,-0.04934879,1.759173,0.004943787,-0.1230703,1.803156,-0.2442956,0.1277436,1.710973,-0.2869563,-0.3318741,1.857598,-0.3643015,-0.6848836,2.020149,-0.378884,-0.7412246,1.940002,-0.1450615,0.1134555,1.691111,-0.1638036,-0.3205714,1.793996,-0.2267134,-0.6860149,1.839714,-0.2412959,-0.7423559,1.759567,
7/24/2024 3:17:34 PM,2,-0.1888713,0.1695095,1.708364,-0.1755473,0.2434346,1.71103,-0.1149126,0.6145496,1.702837,-0.191615,0.8111707,1.725583,-0.2367342,0.4800752,1.654827,-0.411784,0.293498,1.755859,-0.4487677,0.117744,1.853531,-0.4356971,0.1089026,1.87604,-0.03005924,0.4332374,1.618091,-0.002790203,0.1993983,1.634471,-0.01541685,0.003879681,1.699677,-0.007571579,-0.07246935,1.755685,-0.2439421,0.1281616,1.720659,-0.2555151,-0.3446586,1.833738,-0.3523586,-0.6829542,2.017459,-0.3697984,-0.739161,1.937673,-0.1488263,0.1136466,1.695732,-0.1655269,-0.3214269,1.789211,-0.2268063,-0.6879453,1.842344,-0.2442461,-0.7441521,1.762557,
7/24/2024 3:17:34 PM,2,-0.1887304,0.17191,1.71323,-0.1748341,0.2455042,1.716795,-0.1127987,0.6152492,1.710533,-0.1417378,0.8242278,1.768171,-0.2282877,0.479839,1.660712,-0.3982821,0.2932439,1.761177,-0.4493001,0.1331635,1.876108,-0.4340521,0.1144146,1.89818,-0.03259924,0.4330762,1.61963,-0.01164659,0.1993024,1.631508,-0.002606504,-0.05076288,1.756384,0.002594601,-0.1197656,1.805374,-0.2395401,0.1333444,1.735484,-0.2678564,-0.3385822,1.854876,-0.3498585,-0.6787628,2.044614,-0.3699471,-0.7348341,1.96522,-0.1508845,0.1151799,1.696059,-0.1949132,-0.3480025,1.819726,-0.2275415,-0.6955659,1.848634,-0.2476301,-0.7516372,1.76924,
7/24/2024 3:17:34 PM,2,-0.1890372,0.1719784,1.718501,-0.1745747,0.2453726,1.723599,-0.1118994,0.6152856,1.720338,0.03581649,0.7620473,1.79737,-0.2143966,0.4792974,1.664593,-0.4137976,0.3917542,1.801266,-0.4344243,0.1813731,1.866636,-0.4317223,0.1232585,1.920162,-0.03601784,0.4326909,1.620621,-0.0251676,0.1735806,1.632478,-0.003174252,-0.05936289,1.759367,0.0004890451,-0.118482,1.80143,-0.2365629,0.1341193,1.743002,-0.3298352,-0.2929925,1.959528,-0.3663325,-0.7585976,2.089892,-0.4177667,-0.8177266,2.121063,-0.1543838,0.1159076,1.697601,-0.1967734,-0.3494192,1.823119,-0.2262348,-0.7006283,1.853812,-0.2491418,-0.756478,1.775063,
7/24/2024 3:17:34 PM,2,-0.1904184,0.169255,1.725524,-0.1752464,0.2429324,1.731654,-0.1106628,0.6150358,1.728675,0.03791966,0.7644619,1.787693,-0.2002524,0.4795941,1.665051,-0.4129955,0.3978498,1.810742,-0.4345145,0.1860521,1.892709,-0.4318125,0.1279375,1.946235,-0.03796066,0.4322462,1.623411,-0.02929843,0.1640187,1.634112,-0.007024277,-0.0573565,1.750011,-0.004554318,-0.1208902,1.796209,-0.2347999,0.132234,1.751472,-0.3302124,-0.2985543,1.964613,-0.3649712,-0.7617031,2.092021,-0.4208506,-0.8175369,2.121541,-0.1599818,0.1137989,1.700843,-0.2049127,-0.354358,1.831779,-0.2245936,-0.7110991,1.863972,-0.2480817,-0.7669051,1.78538,
7/24/2024 3:17:34 PM,2,-0.1997378,0.1564456,1.739913,-0.1828498,0.2331639,1.744242,-0.1123895,0.6143949,1.734436,0.03883335,0.7621844,1.786112,-0.1916092,0.48026,1.664397,-0.3920418,0.4023182,1.829721,-0.4358587,0.1910269,1.925778,-0.4331567,0.1329123,1.979304,-0.042302,0.4312737,1.627791,-0.05057287,0.170686,1.62607,-0.01580149,-0.05557623,1.734715,-0.01186238,-0.1251089,1.784002,-0.2376781,0.1271143,1.759169,-0.3315703,-0.3069536,1.971242,-0.3654879,-0.7638657,2.093211,-0.4221074,-0.8184006,2.123903,-0.1754072,0.1064842,1.716957,-0.2094557,-0.3552802,1.838821,-0.2250803,-0.7110956,1.864433,-0.2477526,-0.7669846,1.785569,
7/24/2024 3:17:34 PM,2,-0.2031178,0.1573894,1.74491,-0.1864256,0.2336672,1.749665,-0.1143623,0.6143844,1.740221,0.03916244,0.7600886,1.785053,-0.185097,0.4794998,1.663335,-0.09118468,0.2136022,1.603194,-0.04826666,0.01617824,1.657674,-0.05258241,-0.009654395,1.700158,-0.04586795,0.4310652,1.632519,-0.05821263,0.1578036,1.626384,-0.02209032,-0.0590145,1.724669,-0.02346321,-0.1331351,1.7636,-0.2414787,0.1274041,1.772902,-0.3334166,-0.3128685,1.977691,-0.3657883,-0.7645754,2.094146,-0.4222044,-0.8184172,2.126307,-0.1811851,0.1050066,1.718595,-0.2156587,-0.365274,1.856564,-0.2267314,-0.7132888,1.866046,-0.2472634,-0.7693214,1.78675,
7/24/2024 3:17:34 PM,2,-0.2097804,0.1519695,1.757214,-0.1958948,0.2224696,1.763732,-0.1347686,0.5595529,1.756652,-0.002920166,0.7248912,1.78775,-0.1815244,0.4781566,1.662443,-0.1029408,0.2016125,1.60704,-0.04967251,-0.06321537,1.696795,-0.04677939,-0.1291361,1.718493,-0.06941652,0.3758532,1.647164,-0.08123418,0.09233838,1.632317,-0.02578247,-0.08611348,1.722802,-0.0355008,-0.1417556,1.732753,-0.2453946,0.1211768,1.789626,-0.3368018,-0.3242349,1.987369,-0.3678244,-0.7668167,2.095249,-0.4236482,-0.8206375,2.128334,-0.1935473,0.09246014,1.72812,-0.2261272,-0.375282,1.876782,-0.2277165,-0.7158238,1.868204,-0.2383626,-0.7724524,1.787474,
7/24/2024 3:17:34 PM,2,-0.2245116,0.134975,1.771338,-0.2093776,0.2052722,1.775041,-0.1380395,0.5548788,1.759391,-0.003431678,0.718383,1.794284,-0.1810992,0.477998,1.662401,-0.1168678,0.199426,1.608329,-0.07522221,-0.007003246,1.660818,-0.05729204,-0.09291854,1.696021,-0.07268745,0.3711791,1.649903,-0.0845051,0.08766431,1.635043,-0.03885793,-0.1007696,1.713073,-0.04153583,-0.1453628,1.723235,-0.2562399,0.1095544,1.778962,-0.3410305,-0.3323697,1.98842,-0.368442,-0.7669876,2.095435,-0.4237356,-0.821275,2.128879,-0.2111872,0.0864208,1.780671,-0.1882684,-0.3227128,1.833745,-0.2284791,-0.7161397,1.869355,-0.2390967,-0.7729059,1.788585,
7/24/2024 3:17:34 PM,2,-0.2282582,0.1340614,1.775332,-0.2136094,0.2035825,1.77845,-0.1434784,0.5487707,1.764413,-0.008939296,0.7120236,1.797875,-0.1811662,0.4780958,1.662626,-0.1432445,0.2057668,1.610212,-0.09004448,0.00417893,1.650662,-0.07269806,-0.0841103,1.679376,-0.0781263,0.365071,1.654925,-0.08994396,0.08155616,1.640052,-0.05188856,-0.1163475,1.700998,-0.05130631,-0.1847746,1.714808,-0.2597297,0.1078117,1.778489,-0.2468051,-0.3784831,1.888871,-0.3562471,-0.7164149,2.068675,-0.3633914,-0.7733145,1.987729,-0.2127039,0.08697995,1.782628,-0.1884844,-0.3223794,1.835238,-0.2290812,-0.7158428,1.869627,-0.2362255,-0.7727424,1.788681,
7/24/2024 3:17:34 PM,2,-0.2444748,0.1333349,1.783703,-0.2272815,0.2032977,1.785191,-0.1472489,0.5504792,1.768472,-0.01033396,0.7115788,1.799809,-0.181622,0.4780362,1.663208,-0.1588395,0.200196,1.613133,-0.1101608,-0.03087955,1.649022,-0.08988339,-0.1200713,1.6739,-0.08189686,0.3667796,1.658984,-0.09371451,0.08326474,1.644107,-0.0913706,-0.1271328,1.676124,-0.06691156,-0.1532641,1.69587,-0.2767317,0.1076204,1.778618,-0.2472837,-0.3780487,1.88917,-0.3569704,-0.7175496,2.068759,-0.2926717,-0.8085575,2.093085,-0.2280021,0.08815952,1.792965,-0.1943573,-0.3236165,1.839356,-0.2300871,-0.7191055,1.873657,-0.235492,-0.7761476,1.792704,
7/24/2024 3:17:34 PM,2,-0.2200082,0.1447153,1.817742,-0.2094239,0.2215322,1.813225,-0.1483705,0.6143775,1.781622,0.02963842,0.726608,1.798636,-0.1841212,0.4770269,1.664985,-0.1848126,0.203304,1.617106,-0.1320046,-0.08038777,1.646788,-0.1161866,-0.1471264,1.660237,-0.08301844,0.4306778,1.672135,-0.09483609,0.147163,1.657257,-0.1604985,-0.05841645,1.686761,-0.1013664,-0.1321574,1.683994,-0.2593098,0.109175,1.799781,-0.2467947,-0.3811793,1.894295,-0.3584035,-0.7220428,2.070281,-0.2585287,-0.7718105,2.046646,-0.1924059,0.1197782,1.836623,-0.08604413,-0.2282739,1.896461,-0.1929838,-0.6254882,1.879882,-0.1905669,-0.6834659,1.799443,
7/24/2024 3:17:34 PM,2,-0.2193335,0.1420484,1.818402,-0.2088726,0.2198758,1.813718,-0.1495401,0.61378,1.783094,0.02472411,0.732372,1.801855,-0.1882304,0.4753463,1.667175,-0.2041904,0.2150918,1.617471,-0.1753165,-0.01741173,1.62823,-0.1475787,-0.1063851,1.644365,-0.08418801,0.4300802,1.673606,-0.09600567,0.1465654,1.658712,-0.1616681,-0.05901401,1.688207,-0.1043246,-0.1341385,1.684464,-0.2565683,0.105727,1.802002,-0.2461494,-0.3841535,1.89916,-0.3608517,-0.7250522,2.077552,-0.2635632,-0.7668046,2.034812,-0.1922854,0.1163141,1.836589,-0.09772004,-0.2357011,1.893845,-0.2044941,-0.6348768,1.884401,-0.2026508,-0.6928496,1.803827,
7/24/2024 3:17:34 PM,2,-0.2194793,0.1404735,1.818571,-0.2091713,0.2187148,1.813865,-0.1538005,0.6127664,1.786842,0.01637676,0.7372502,1.804837,-0.1957559,0.4719676,1.670674,-0.2224281,0.2204327,1.620582,-0.1919774,-0.007330502,1.625509,-0.1866912,-0.1014072,1.633795,-0.08844841,0.4290667,1.677354,-0.1002661,0.1455519,1.662442,-0.1659285,-0.06002756,1.691928,-0.110017,-0.1361578,1.686916,-0.2557704,0.100869,1.80019,-0.2451783,-0.3877436,1.90304,-0.3616212,-0.7308606,2.080289,-0.2652094,-0.7687163,2.032071,-0.1930862,0.1124736,1.83875,-0.1052241,-0.2420102,1.892403,-0.2096193,-0.6430715,1.893532,-0.2073062,-0.7009837,1.812841,
7/24/2024 3:17:34 PM,2,-0.2192378,0.1364798,1.819255,-0.2095425,0.2156939,1.81478,-0.1593667,0.611442,1.790828,0.008828759,0.7380641,1.805505,-0.2029835,0.4701108,1.673808,-0.238219,0.219359,1.622777,-0.2294871,0.003759563,1.62614,-0.2126005,-0.08903979,1.63286,-0.0940147,0.4277422,1.681341,-0.1058323,0.1442274,1.666409,-0.1714948,-0.06135203,1.695886,-0.2058931,-0.1398357,1.655897,-0.2546467,0.09650859,1.80092,-0.2433247,-0.3915828,1.906105,-0.3615721,-0.7372623,2.077608,-0.2752983,-0.7990813,2.035601,-0.1928386,0.1089575,1.839289,-0.1145002,-0.2478881,1.892431,-0.2157487,-0.6486878,1.905104,-0.2125372,-0.7064708,1.824464,
7/24/2024 3:17:34 PM,2,-0.2193069,0.1351593,1.819262,-0.2100247,0.2143804,1.81481,-0.164294,0.6095283,1.793439,0.004038781,0.7359511,1.804712,-0.2075893,0.468952,1.67525,-0.2550151,0.214649,1.624845,-0.2426808,-0.001164377,1.626495,-0.2401067,-0.09581514,1.63271,-0.09894192,0.4258286,1.683951,-0.1107596,0.1423137,1.669002,-0.2447712,-0.1176569,1.636238,-0.2383159,-0.1874739,1.637953,-0.254028,0.09340608,1.799894,-0.2400908,-0.3934698,1.910044,-0.3627636,-0.7437158,2.07487,-0.2818311,-0.8012064,2.031191,-0.1930612,0.1072667,1.839922,-0.1214216,-0.2511557,1.892464,-0.218928,-0.6528662,1.922848,-0.2145707,-0.7107232,1.842068,
7/24/2024 3:17:34 PM,2,-0.2175699,0.1342921,1.819743,-0.209297,0.2134825,1.8151,-0.1693197,0.6057486,1.795001,-0.003016904,0.7344058,1.804238,-0.2112007,0.4674886,1.675777,-0.2760322,0.1976479,1.633058,-0.2704898,-0.02923581,1.638236,-0.2611888,-0.1235271,1.639083,-0.1039676,0.4220489,1.685513,-0.1157853,0.1385341,1.670552,-0.2477254,-0.1229409,1.635868,-0.2475103,-0.1929689,1.636803,-0.2503065,0.09027659,1.79855,-0.238888,-0.3958004,1.912362,-0.3631336,-0.7460072,2.075902,-0.3096427,-0.7986124,2.036906,-0.1904809,0.1051453,1.842682,-0.1241114,-0.2541731,1.89617,-0.2195042,-0.6562325,1.926581,-0.2141742,-0.7140877,1.845838,
7/24/2024 3:17:34 PM,2,-0.2129384,0.1344251,1.820739,-0.207078,0.2130895,1.815675,-0.1733415,0.6026728,1.79518,-0.008822367,0.7330235,1.801929,-0.2166561,0.4659443,1.676699,-0.2966652,0.2067856,1.63529,-0.2843398,-0.01898395,1.638658,-0.2904958,-0.1132311,1.641916,-0.1079894,0.4189731,1.685693,-0.1198071,0.1354583,1.67072,-0.2908197,-0.1031864,1.639943,-0.3265683,-0.1631459,1.637485,-0.2419031,0.09150308,1.803369,-0.2125062,-0.39622,1.896117,-0.3543709,-0.73545,2.066777,-0.2753669,-0.768427,1.990882,-0.1862993,0.1066029,1.841418,-0.1283033,-0.2529845,1.900973,-0.2216652,-0.6552956,1.931832,-0.29049,-0.7247304,1.991255,
7/24/2024 3:17:34 PM,2,-0.2116978,0.1356106,1.820105,-0.206574,0.2134243,1.815218,-0.176233,0.6004043,1.795233,-0.0126792,0.7317898,1.799287,-0.2213098,0.4641865,1.677936,-0.3120397,0.2077051,1.639477,-0.3086809,-0.01579537,1.64159,-0.3144839,-0.1105574,1.645925,-0.1108809,0.4167046,1.685746,-0.1226986,0.1331898,1.670763,-0.1214266,0.04188976,1.937711,-0.1018965,-0.108631,2.193337,-0.2397816,0.09512022,1.804825,-0.2105411,-0.3960304,1.89403,-0.353243,-0.7362385,2.066796,-0.270383,-0.7731504,1.997237,-0.1845346,0.109815,1.836649,-0.1384218,-0.2534595,1.899645,-0.2283753,-0.6557845,1.948432,-0.2248007,-0.7135339,1.867607,
7/24/2024 3:17:34 PM,2,-0.212945,0.1346804,1.819267,-0.2077199,0.2122792,1.814381,-0.1787717,0.5976295,1.79487,-0.01595393,0.7292193,1.794622,-0.2279934,0.4620109,1.6791,-0.3260436,0.2047763,1.643947,-0.3307985,-0.02176906,1.645814,-0.3295306,-0.1169647,1.652685,-0.1134197,0.4139298,1.685382,-0.106178,0.2355941,1.843914,-0.1071393,0.04445814,2.055539,-0.09906672,-0.02916468,2.115751,-0.2457381,0.08961046,1.796935,-0.2155532,-0.3916057,1.887495,-0.3500577,-0.7338483,2.064861,-0.2652019,-0.7861562,2.007929,-0.1866973,0.1038311,1.839568,-0.1449235,-0.2593509,1.899517,-0.227864,-0.6650605,1.944474,-0.2256348,-0.7230031,1.863221,
7/24/2024 3:17:34 PM,2,-0.2152682,0.1490473,1.817444,-0.2096189,0.2204999,1.813097,-0.1813059,0.5945658,1.794093,-0.01952268,0.7261834,1.788555,-0.234131,0.4607835,1.679749,-0.3370624,0.2045863,1.648953,-0.3427226,-0.02849,1.653019,-0.345158,-0.1236776,1.662482,-0.1159539,0.4108661,1.684605,-0.09996907,0.229698,1.840342,-0.09313945,0.03567733,2.049973,-0.08030289,-0.03933729,2.107975,-0.2473266,0.09863237,1.793876,-0.2262267,-0.3843284,1.883111,-0.3456285,-0.7313251,2.065667,-0.2618133,-0.7644432,1.99385,-0.1885523,0.111412,1.841377,-0.1503807,-0.2645078,1.898613,-0.2150667,-0.673606,1.953563,-0.2140289,-0.7317187,1.871936,
7/24/2024 3:17:34 PM,2,-0.2166074,0.1492237,1.816828,-0.2108289,0.2207616,1.812179,-0.1829255,0.5904627,1.791908,-0.02527961,0.68858,1.725366,-0.2384748,0.4597814,1.680054,-0.3470244,0.203674,1.654401,-0.3538458,-0.0266192,1.659911,-0.3562158,-0.1217131,1.671608,-0.1175734,0.406763,1.682421,-0.09705977,0.2236996,1.836346,-0.08104859,0.02454478,2.041535,-0.06866515,-0.05013648,2.100311,-0.2499785,0.0991445,1.791747,-0.2342891,-0.3785872,1.880227,-0.3436967,-0.7291601,2.065737,-0.2602056,-0.7639527,1.993454,-0.1902064,0.1102308,1.84209,-0.1592861,-0.2857457,1.897521,-0.2185258,-0.696437,1.957396,-0.2196143,-0.7547988,1.875361,
7/24/2024 3:17:34 PM,2,-0.2191124,0.1551335,1.815131,-0.2127272,0.2248189,1.810353,-0.1836232,0.5855702,1.78932,-0.02824366,0.6890679,1.724116,-0.2452676,0.4579685,1.679559,-0.3549614,0.2026087,1.65942,-0.3611226,-0.02730963,1.665537,-0.3651598,-0.1223015,1.680013,-0.1182711,0.4018704,1.679832,-0.09232803,0.2154727,1.830143,-0.07227278,0.0156,2.034944,-0.05665633,-0.06178381,2.089873,-0.2544532,0.1015431,1.785612,-0.2029693,-0.3839115,1.869051,-0.3372458,-0.7235354,2.061231,-0.2545974,-0.7627081,1.989673,-0.1916794,0.1110403,1.8445,-0.1598963,-0.2863678,1.896958,-0.2141603,-0.6988727,1.959354,-0.2169465,-0.7573767,1.877094,
7/24/2024 3:17:34 PM,2,-0.2189723,0.1600195,1.814071,-0.2145141,0.2284402,1.807974,-0.1843349,0.5806082,1.784717,-0.03161179,0.687138,1.718246,-0.2502699,0.4564861,1.678645,-0.3619385,0.2029878,1.664214,-0.368154,-0.02553397,1.67243,-0.370513,-0.1209472,1.687097,-0.115251,0.459561,1.911729,-0.1270687,0.1760462,1.896717,-0.06511579,-0.02875994,2.089283,-0.03636999,-0.1214888,2.113139,-0.254016,0.1057158,1.78229,-0.2686763,-0.3457863,1.877475,-0.3416331,-0.7126156,2.057535,-0.2495781,-0.777413,2.028266,-0.1920425,0.1125914,1.846734,-0.1599286,-0.2873885,1.896217,-0.2121226,-0.7019536,1.957998,-0.1349556,-0.7567198,1.922275,
7/24/2024 3:17:34 PM,2,-0.2176632,0.1641568,1.812424,-0.2136366,0.2315323,1.806058,-0.1845321,0.5767941,1.780506,-0.03716165,0.6837167,1.707054,-0.2545745,0.4548994,1.677284,-0.3659889,0.2048674,1.66716,-0.3716895,-0.02887832,1.680924,-0.3740387,-0.1248222,1.695201,-0.1139982,0.4596357,1.910172,-0.09769067,0.2108689,2.044943,-0.05344097,-0.04060173,2.090803,-0.0304323,-0.1248831,2.095803,-0.2529589,0.1087844,1.779205,-0.273738,-0.3722241,1.911112,-0.3493906,-0.7753468,2.089437,-0.2522047,-0.7963028,2.028911,-0.1912155,0.1135465,1.847671,-0.1586483,-0.2889727,1.894792,-0.2123552,-0.7045327,1.956784,-0.1359378,-0.759556,1.919679,
7/24/2024 3:17:34 PM,2,-0.2149719,0.1683412,1.809991,-0.2115294,0.2346081,1.803291,-0.1840294,0.5722758,1.774811,-0.0452929,0.6781839,1.689783,-0.2597864,0.4532201,1.675025,-0.369031,0.2066,1.669715,-0.3743115,-0.02416252,1.685219,-0.3758832,-0.120694,1.699661,-0.1104102,0.4612783,1.906622,-0.0947928,0.2129209,2.041733,-0.04477008,-0.03211858,2.069934,-0.02043147,-0.1232437,2.077809,-0.2509541,0.11254,1.775599,-0.2717355,-0.369861,1.904491,-0.3430015,-0.7460141,2.072298,-0.2471201,-0.7886527,2.021995,-0.1886449,0.1141701,1.848155,-0.1840705,-0.3178214,1.884058,-0.2163257,-0.7327782,1.962264,-0.1412691,-0.7881126,1.92297,
7/24/2024 3:17:34 PM,2,-0.2110562,0.1744496,1.805128,-0.2084427,0.2390588,1.797916,-0.1843109,0.5665218,1.765264,-0.04836163,0.676839,1.680874,-0.2633383,0.4517123,1.671984,-0.3729046,0.2040372,1.674277,-0.375221,-0.03064466,1.692503,-0.376635,-0.1274658,1.704596,-0.1025506,0.4632719,1.90464,-0.08843087,0.2120901,2.035022,-0.038238,-0.01983441,2.054617,-0.01284242,-0.1136639,2.0632,-0.2487215,0.1163368,1.770208,-0.2532235,-0.3735464,1.875135,-0.3435754,-0.7767062,2.080373,-0.2436428,-0.7930025,2.022986,-0.183515,0.1158449,1.847311,-0.1816016,-0.31752,1.884651,-0.216342,-0.7332104,1.962343,-0.1427732,-0.7888659,1.920721,
7/24/2024 3:17:35 PM,2,-0.2059861,0.1773687,1.800872,-0.2042568,0.2411578,1.79309,-0.1845839,0.562687,1.757935,-0.05132885,0.67595,1.673266,-0.2663702,0.4502254,1.668427,-0.3747865,0.2031263,1.677031,-0.3750349,-0.03061339,1.693089,-0.3753557,-0.1271757,1.70677,-0.09404098,0.4620123,1.894277,-0.07085567,0.2031633,2.009845,-0.03124118,-0.02449196,2.042955,-0.00223339,-0.1175775,2.045234,-0.2450167,0.1181732,1.765692,-0.2543854,-0.3747997,1.86021,-0.341379,-0.7313156,2.059686,-0.2498884,-0.7737657,2.001252,-0.1734655,0.1170156,1.844768,-0.1991248,-0.3586344,1.92718,-0.2168728,-0.7382942,1.963604,-0.1455322,-0.7943532,1.918419,
7/24/2024 3:17:35 PM,2,-0.198979,0.1843524,1.795529,-0.1989679,0.2461471,1.787201,-0.1858048,0.5592307,1.748884,-0.05433394,0.6740776,1.663465,-0.2693221,0.4485864,1.663851,-0.3753483,0.2027988,1.67798,-0.3748075,-0.03074676,1.693564,-0.3736466,-0.1272088,1.708293,-0.08777617,0.4667481,1.889328,-0.06552935,0.2052373,2.002315,-0.003339557,-0.06746354,2.02076,0.01095808,-0.1364813,2.036083,-0.2396358,0.121546,1.760305,-0.2540305,-0.3716889,1.855764,-0.3406804,-0.7284172,2.057271,-0.2506583,-0.7711394,1.996253,-0.1630426,0.1220778,1.842823,-0.1700433,-0.3212294,1.948813,-0.2180984,-0.7380588,1.963592,-0.1477717,-0.7942545,1.916482,
7/24/2024 3:17:35 PM,2,-0.1918896,0.1884334,1.792029,-0.1932544,0.2490178,1.782989,-0.1861139,0.5555372,1.741611,-0.05626021,0.673869,1.657618,-0.2721031,0.4469745,1.659279,-0.3755354,0.20447,1.67764,-0.3735068,-0.02649975,1.692858,-0.3705756,-0.1229758,1.707542,-0.08084141,0.4719,1.887347,-0.05518693,0.2080522,1.994759,0.001317316,-0.06611322,2.015709,0.0236706,-0.1346671,2.018547,-0.2341644,0.1237716,1.757175,-0.2572054,-0.3454331,1.844107,-0.3377721,-0.7012041,2.049054,-0.2525655,-0.760335,1.993999,-0.1496709,0.1266113,1.840544,-0.09985048,-0.2957101,2.00892,-0.212877,-0.7117523,1.964095,-0.2113526,-0.794511,2.006276,
7/24/2024 3:17:35 PM,2,-0.1868751,0.1898716,1.789111,-0.1890547,0.2500501,1.779214,-0.1877554,0.552466,1.732525,-0.05903192,0.6716173,1.648239,-0.2746451,0.4449808,1.654687,-0.3754671,0.2075789,1.676022,-0.3723208,-0.01105992,1.682051,-0.3699855,-0.1072411,1.698192,-0.07448642,0.4770672,1.880075,-0.04809143,0.2187864,1.98735,0.007965178,-0.008722569,1.995566,0.03188187,-0.1031925,2.000064,-0.2294,0.1242096,1.755656,-0.2570494,-0.3463584,1.843696,-0.3380895,-0.6893995,2.066552,-0.2623667,-0.7676443,2.021875,-0.1419258,0.1288084,1.837261,-0.08804975,-0.2899053,2.002406,-0.2106394,-0.7031548,1.963633,-0.2109951,-0.7958192,2.008483,
7/24/2024 3:17:35 PM,2,-0.1816666,0.1913286,1.786069,-0.1845716,0.2509516,1.775609,-0.1874486,0.5500633,1.727319,-0.06244884,0.6700631,1.639962,-0.2780948,0.4444405,1.650115,-0.3749042,0.2083136,1.675,-0.3716154,-0.01033461,1.68123,-0.3647366,-0.1066481,1.694834,-0.06865376,0.478358,1.874058,-0.0306451,0.2657519,1.993573,0.02706403,-0.0255836,1.980505,0.04826529,-0.09257812,1.996535,-0.2257244,0.1243577,1.754385,-0.2568712,-0.3482651,1.84441,-0.3292297,-0.6847757,2.078336,-0.2546498,-0.7472648,2.011157,-0.1334085,0.1307872,1.833404,-0.07461315,-0.289283,1.995116,-0.209218,-0.6987373,1.963299,-0.2112868,-0.8003081,2.011934,
7/24/2024 3:17:35 PM,2,-0.1759473,0.1951116,1.783163,-0.179693,0.2537678,1.772362,-0.1864845,0.5490348,1.723802,-0.06617498,0.6680996,1.63112,-0.280464,0.4446063,1.647028,-0.3742478,0.2090029,1.673654,-0.3704107,-0.009526759,1.67985,-0.3590298,-0.1056344,1.691272,-0.06166393,0.4822031,1.870851,-0.03119579,0.2662289,1.948832,-0.008858956,0.0518712,1.976944,0.02420415,-0.03967864,1.981647,-0.2213088,0.1256774,1.752434,-0.2566672,-0.3495908,1.844389,-0.3201736,-0.6843774,2.082451,-0.264066,-0.7766643,2.037497,-0.1261864,0.1332521,1.831668,-0.059072,-0.2962792,1.982691,-0.2083984,-0.7003378,1.962683,-0.1808964,-0.7444068,2.068838,
7/24/2024 3:17:35 PM,2,-0.1710807,0.1970035,1.781086,-0.1752308,0.255274,1.769769,-0.1854725,0.5483055,1.720158,-0.06841127,0.6682209,1.625232,-0.282596,0.4447832,1.644619,-0.3736574,0.2099761,1.672408,-0.3483398,-0.007570848,1.671294,-0.3423343,-0.1040644,1.685562,-0.05428125,0.4874511,1.862898,-0.02858198,0.2653866,1.94829,0.04139443,-0.02235004,1.954573,0.07545089,-0.1411252,1.969815,-0.2167425,0.12642,1.751784,-0.2566588,-0.3492777,1.843763,-0.192326,-0.6695148,2.101416,-0.2193989,-0.7545284,2.023932,-0.1189292,0.1350976,1.828831,-0.04731142,-0.3111359,1.972373,-0.2112246,-0.7108324,1.962165,-0.2140024,-0.7901401,2.049723,
7/24/2024 3:17:35 PM,2,-0.1666637,0.1990953,1.778839,-0.1710358,0.2569585,1.767104,-0.1839551,0.5476389,1.716529,-0.07143177,0.6667278,1.616997,-0.2840114,0.4450615,1.643054,-0.3733057,0.2120563,1.670851,-0.3541085,-0.006140918,1.668139,-0.3394799,-0.102345,1.676592,-0.04756477,0.489672,1.853066,-0.02190731,0.2672581,1.945537,0.0245165,0.05375643,1.951162,0.0536329,-0.02983364,1.956779,-0.2131149,0.1270543,1.750845,-0.2566564,-0.3492835,1.843664,-0.1921815,-0.6723367,2.099903,-0.2198157,-0.7578489,2.023222,-0.1128499,0.1371058,1.826198,-0.04406516,-0.3445993,1.958581,-0.2241501,-0.737769,1.962376,-0.238203,-0.8137687,2.051721,
7/24/2024 3:17:35 PM,2,-0.1629402,0.2000304,1.776187,-0.1672914,0.257754,1.764121,-0.1819642,0.5471629,1.712845,-0.07359172,0.6653877,1.609126,-0.2845784,0.445259,1.642319,-0.3730314,0.2148343,1.669083,-0.3395793,-0.0146546,1.666017,-0.3231984,-0.1105976,1.67396,-0.0408875,0.4892525,1.842141,-0.01312014,0.2689378,1.938922,0.03060138,0.0536614,1.943798,0.06047032,-0.03922998,1.939857,-0.2103114,0.1275101,1.749586,-0.256475,-0.3478121,1.843451,-0.1601923,-0.6880647,2.071612,-0.2124278,-0.7708642,2.00547,-0.1074695,0.1377125,1.822385,-0.03997705,-0.3460696,1.951273,-0.211091,-0.744608,1.960895,-0.1525865,-0.8029315,1.899815,
7/24/2024 3:17:35 PM,2,-0.1590679,0.1998612,1.773827,-0.1634449,0.2576225,1.761471,-0.1795878,0.5468302,1.709396,-0.07495856,0.6642483,1.60203,-0.2853695,0.4453335,1.641863,-0.3730986,0.2168777,1.668153,-0.338614,-0.01684149,1.665812,-0.3208338,-0.1126623,1.671843,-0.03403972,0.4877855,1.831823,0.0008602589,0.2678257,1.928493,0.03817213,0.05146029,1.936407,0.06550454,-0.04225218,1.934161,-0.2080561,0.1272423,1.74927,-0.2555568,-0.3466142,1.843492,-0.2348918,-0.7030032,1.953726,-0.1792695,-0.7617539,1.890354,-0.100691,0.1375841,1.817186,-0.02121089,-0.3483235,1.935583,-0.08383089,-0.7316115,2.107861,0.007448122,-0.8066767,2.108849,
7/24/2024 3:17:35 PM,2,-0.1546772,0.1997562,1.771686,-0.1589782,0.2574917,1.759014,-0.1758817,0.5462542,1.705825,-0.07622791,0.6650687,1.595826,-0.2862992,0.4457728,1.641863,-0.372486,0.2193516,1.667651,-0.3387731,-0.01436883,1.665404,-0.3194051,-0.1100151,1.668926,-0.02679547,0.4857959,1.821781,0.01309807,0.2775928,1.914265,0.05012093,0.04675417,1.9266,0.07365584,-0.04799812,1.924639,-0.2053679,0.127082,1.749497,-0.2508729,-0.3378323,1.841132,-0.2312687,-0.7060837,1.955822,-0.1788562,-0.7652103,1.890345,-0.09417366,0.137389,1.81252,-0.01191969,-0.3506397,1.924448,-0.02834327,-0.7645611,2.08706,0.06725866,-0.814625,2.061489,
7/24/2024 3:17:35 PM,2,-0.151468,0.1993349,1.769272,-0.1557272,0.2569988,1.756384,-0.1732267,0.5452034,1.702492,-0.07656886,0.6655822,1.591464,-0.2872294,0.4463287,1.642266,-0.3721532,0.2204288,1.668244,-0.3352269,-0.02166921,1.665088,-0.3168369,-0.117548,1.667772,-0.01952262,0.4826871,1.812505,0.02122923,0.2666506,1.906206,0.0802591,-0.02340475,1.898592,0.09839819,-0.1192348,1.903664,-0.2038039,0.1267902,1.749434,-0.2493502,-0.3360085,1.841069,-0.2292959,-0.7097473,1.958168,-0.1801735,-0.7691323,1.890828,-0.0890322,0.1365396,1.807368,-0.00712356,-0.3550869,1.908346,0.006107389,-0.7506005,2.046729,0.07189673,-0.813619,2.055078,
7/24/2024 3:17:35 PM,2,-0.1469879,0.2001112,1.765379,-0.1510991,0.2574395,1.75257,-0.1684102,0.5438545,1.69933,-0.07737493,0.6682835,1.587787,-0.2882072,0.446869,1.643303,-0.3713795,0.2230274,1.670907,-0.3352247,-0.01983473,1.665723,-0.3164792,-0.1156804,1.667321,-0.01074093,0.4792576,1.8024,0.04427239,0.2257049,1.890624,0.0835828,-0.02312631,1.894255,0.1018172,-0.1190557,1.891931,-0.201563,0.1267643,1.748259,-0.245371,-0.3321921,1.841065,-0.2285517,-0.711759,1.958939,-0.1833934,-0.7712135,1.889755,-0.0832034,0.136616,1.801534,0.001377337,-0.355414,1.902505,0.03196306,-0.7463621,2.020917,0.07712127,-0.8058166,1.951733,
7/24/2024 3:17:35 PM,2,-0.1434331,0.1998844,1.76239,-0.1470448,0.2571386,1.749648,-0.1620282,0.542999,1.697253,-0.07876186,0.6692986,1.582506,-0.2884809,0.4473783,1.644841,-0.3692368,0.2242859,1.674341,-0.3343977,-0.02090419,1.666795,-0.3154702,-0.117295,1.667589,-0.002860537,0.4761018,1.791298,0.04552551,0.2435891,1.880384,0.0960178,-0.034338,1.879105,0.1110872,-0.1313617,1.87604,-0.1999036,0.1264126,1.747487,-0.24229,-0.3291841,1.840638,-0.2278002,-0.7126871,1.95923,-0.1867438,-0.7722521,1.888379,-0.07863033,0.1359265,1.795831,0.008416809,-0.3568046,1.895386,0.05173811,-0.7372919,1.989141,0.09279449,-0.7968569,1.91829,
7/24/2024 3:17:35 PM,2,-0.1382059,0.2002769,1.758604,-0.1417757,0.2573364,1.74606,-0.1572869,0.5423124,1.694929,-0.07856695,0.6705465,1.579171,-0.2881982,0.4479035,1.647666,-0.3667437,0.2276005,1.679678,-0.3339181,-0.02075155,1.669495,-0.3153524,-0.1174254,1.668388,0.005332381,0.4740037,1.782864,0.0573298,0.2667055,1.863376,0.1065561,-0.02493951,1.853207,0.1215525,-0.1599731,1.857978,-0.1964826,0.1264312,1.745872,-0.2374503,-0.3252894,1.839433,-0.227454,-0.7129339,1.959224,-0.1899089,-0.7727314,1.88658,-0.07187943,0.1351908,1.790164,0.01932976,-0.3577725,1.888495,0.06048026,-0.730306,1.971986,0.0980254,-0.7901036,1.899342,
7/24/2024 3:17:35 PM,2,-0.1328432,0.2001185,1.755163,-0.1358955,0.2571582,1.74291,-0.148732,0.5419813,1.69371,-0.08040134,0.6722152,1.57452,-0.2862138,0.4487544,1.651562,-0.361654,0.2260669,1.688836,-0.3336957,-0.02120271,1.674959,-0.3154857,-0.1178743,1.671683,0.01662335,0.4699309,1.773535,0.06313405,0.2681487,1.853792,0.1059776,0.0355701,1.8509,0.1158706,-0.0623037,1.847646,-0.193405,0.1260769,1.744436,-0.2325009,-0.3224128,1.837067,-0.2271864,-0.7134939,1.95902,-0.1938689,-0.7735713,1.884522,-0.06502879,0.1338475,1.784024,0.02850927,-0.3526799,1.879931,0.07053687,-0.7188919,1.948792,0.1038544,-0.7789693,1.874295,
7/24/2024 3:17:35 PM,2,-0.1239685,0.1995318,1.750775,-0.1263854,0.2566397,1.738887,-0.1364311,0.5418563,1.691991,-0.08341603,0.6771115,1.571007,-0.2827537,0.4492034,1.656236,-0.3577484,0.2271607,1.694828,-0.3335559,-0.02074432,1.682706,-0.3159883,-0.1174967,1.679217,0.02611165,0.4671927,1.766108,0.07677848,0.267674,1.83938,0.120226,0.05489269,1.846652,0.1315967,-0.0426812,1.841009,-0.1866385,0.1249583,1.742015,-0.2286524,-0.3224222,1.836689,-0.2266142,-0.7147065,1.959165,-0.1968991,-0.7749224,1.883242,-0.05560078,0.1323425,1.777376,0.03217877,-0.3507887,1.872786,0.07332411,-0.7185575,1.942914,0.1030392,-0.7787734,1.866991,
7/24/2024 3:17:35 PM,2,-0.1167105,0.1991452,1.746979,-0.1184681,0.2563085,1.735346,-0.1253977,0.5418517,1.690111,-0.07830354,0.6794523,1.569157,-0.2784204,0.4502442,1.660702,-0.3495553,0.2299528,1.702361,-0.3322505,-0.02437277,1.691026,-0.3146123,-0.1211019,1.688196,0.03688662,0.4648151,1.756699,0.08667679,0.2660583,1.829731,0.1224413,0.05195822,1.834958,0.1328272,-0.04562543,1.828234,-0.1811081,0.1242204,1.740218,-0.222233,-0.3260645,1.837661,-0.2254028,-0.7156565,1.95986,-0.1998112,-0.7760317,1.882552,-0.04801551,0.1311914,1.771029,0.03964455,-0.3454767,1.861023,0.07426445,-0.7156375,1.935721,0.09985605,-0.7760127,1.858413,
7/24/2024 3:17:35 PM,2,-0.1065219,0.1978737,1.742935,-0.1079669,0.2552699,1.731704,-0.1139201,0.542008,1.688574,-0.07394859,0.6817585,1.56741,-0.2702557,0.4511225,1.665545,-0.3408281,0.2253713,1.711486,-0.3318264,-0.0235192,1.699762,-0.3154327,-0.1204747,1.698463,0.04885761,0.4610798,1.749661,0.09652576,0.2625827,1.819932,0.1349662,0.01324691,1.80021,0.1429953,-0.08451149,1.793164,-0.1716921,0.1223308,1.73803,-0.2200376,-0.3261491,1.837548,-0.2247041,-0.7163943,1.960341,-0.20257,-0.7767601,1.881934,-0.03780742,0.1295848,1.764429,0.04363873,-0.3414048,1.850712,0.07587789,-0.7122347,1.927919,0.09801195,-0.7726005,1.849512,
7/24/2024 3:17:35 PM,2,-0.0961117,0.1969985,1.73868,-0.09705251,0.2543408,1.727808,-0.10064,0.5407822,1.686738,-0.06488527,0.6849828,1.568445,-0.2570692,0.4526272,1.669406,-0.3325805,0.2175298,1.719206,-0.3299958,-0.01655519,1.711889,-0.3166646,-0.1139333,1.709539,0.06393842,0.4599991,1.74332,0.1126432,0.2579696,1.807624,0.1370254,0.02800661,1.796932,0.1450033,-0.06918459,1.784444,-0.1618035,0.1209513,1.734562,-0.2155845,-0.3236412,1.834668,-0.2241608,-0.7164701,1.960146,-0.2048941,-0.7768198,1.880945,-0.028205,0.128384,1.758963,0.04796036,-0.3401567,1.842287,0.07784121,-0.7098918,1.923321,0.09710792,-0.7702414,1.84412,
7/24/2024 3:17:35 PM,2,-0.08202624,0.1956619,1.733872,-0.08321033,0.2531548,1.723711,-0.08821748,0.5403222,1.685916,-0.05644633,0.6864911,1.568461,-0.2470006,0.4531901,1.672493,-0.3247367,0.2141265,1.72621,-0.3287687,-0.0168808,1.718201,-0.3155724,-0.11428,1.71884,0.07722773,0.4563938,1.736916,0.1241314,0.2511508,1.800643,0.1431208,0.03004229,1.792616,0.1496522,-0.06584205,1.772008,-0.1483887,0.1192575,1.731238,-0.2106784,-0.3298442,1.83347,-0.2233889,-0.7168772,1.960217,-0.2069253,-0.7770216,1.880201,-0.01259093,0.1264736,1.750702,0.05119208,-0.3393784,1.834513,0.07816361,-0.7092644,1.921549,0.09462725,-0.7694088,1.841533,
7/24/2024 3:17:35 PM,2,-0.07014864,0.1939899,1.729707,-0.0707055,0.2516685,1.720023,-0.07239172,0.539935,1.685173,-0.04712587,0.6902777,1.570472,-0.2338805,0.4526383,1.674655,-0.3121902,0.2153495,1.731207,-0.325614,-0.01883184,1.725385,-0.313509,-0.1163047,1.727859,0.09227321,0.4538488,1.731851,0.1364732,0.2448368,1.791105,0.1425859,0.02787893,1.771878,0.1515754,-0.06842793,1.754622,-0.1377876,0.117709,1.728022,-0.2031653,-0.3346671,1.830735,-0.2228067,-0.7170367,1.959743,-0.2084264,-0.7770444,1.87922,-0.001068049,0.1240616,1.744553,0.0580315,-0.3382018,1.824856,0.07891984,-0.7085168,1.92043,0.09330007,-0.7685245,1.839907,
7/24/2024 3:17:35 PM,2,-0.0577797,0.1922773,1.725704,-0.05774157,0.2502544,1.716365,-0.05671069,0.5401609,1.683524,-0.03259142,0.6926971,1.570722,-0.2190339,0.4529635,1.67605,-0.2930095,0.1953931,1.741691,-0.3205208,-0.02777395,1.733541,-0.310927,-0.1254866,1.736472,0.105638,0.4514988,1.726613,0.1570519,0.2257181,1.779473,0.1714273,-0.02443535,1.741589,0.1649801,-0.1215054,1.728016,-0.1258669,0.1166096,1.724544,-0.1915075,-0.3501359,1.828216,-0.2213574,-0.7180668,1.958656,-0.2087755,-0.7779831,1.877743,0.0101527,0.1218702,1.739259,0.06210843,-0.3365554,1.818884,0.08114491,-0.7065093,1.918724,0.09372687,-0.7664255,1.83781,
7/24/2024 3:17:35 PM,2,-0.04707526,0.191378,1.721944,-0.04608807,0.2495604,1.712858,-0.03995331,0.5406541,1.681677,-0.02601577,0.6947172,1.569038,-0.2049904,0.4534439,1.676996,-0.2853834,0.1929176,1.743165,-0.3149708,-0.03076952,1.738779,-0.3073072,-0.1285445,1.743743,0.1207046,0.4489695,1.721325,0.1658667,0.2255887,1.77423,0.1775851,-0.03218475,1.734408,0.172551,-0.1282241,1.714549,-0.1160467,0.1163556,1.72118,-0.1712827,-0.3534271,1.819509,-0.2194707,-0.7182401,1.956293,-0.2087157,-0.7781014,1.875053,0.0195669,0.1202238,1.734451,0.06562992,-0.3374733,1.815481,0.08306093,-0.7059554,1.9181,0.09381595,-0.7658167,1.83686,
7/24/2024 3:17:35 PM,2,-0.03578821,0.1911387,1.717726,-0.03455348,0.24934,1.709124,-0.02776705,0.5403979,1.68031,-0.01915811,0.6950259,1.567735,-0.1937055,0.4533709,1.677147,-0.2686262,0.202662,1.742105,-0.3071751,-0.03935143,1.745023,-0.3034755,-0.1373447,1.749753,0.1335396,0.4481798,1.716555,0.177127,0.2314447,1.766186,0.1852534,-0.02715047,1.726002,0.1793371,-0.1223022,1.702552,-0.1058186,0.1164753,1.717434,-0.1649248,-0.3536971,1.815844,-0.2176235,-0.7185709,1.953367,-0.2083238,-0.7780468,1.872151,0.03122112,0.1191479,1.728444,0.06882218,-0.3379403,1.812772,0.08502364,-0.7062474,1.917529,0.09432338,-0.7657233,1.836313,
7/24/2024 3:17:35 PM,2,-0.02743037,0.1899327,1.714164,-0.02554196,0.2481961,1.705732,-0.01528923,0.5395706,1.677963,-0.005854847,0.6961281,1.567333,-0.1782063,0.4544291,1.676295,-0.2579188,0.196005,1.745129,-0.2984031,-0.04601265,1.749869,-0.2965336,-0.1439644,1.75589,0.1437207,0.4456161,1.710651,0.1896978,0.2172732,1.755862,0.1947068,-0.02807437,1.715465,0.1860036,-0.1230741,1.692365,-0.0984672,0.1168063,1.715086,-0.1579735,-0.3485668,1.809905,-0.2170085,-0.7189952,1.953047,-0.2090255,-0.7784312,1.871632,0.03915387,0.117473,1.722962,0.07330789,-0.3384081,1.810575,0.08607683,-0.7059575,1.917366,0.09405984,-0.7653934,1.835951,
7/24/2024 3:17:35 PM,2,-0.02030277,0.1851978,1.711395,-0.01809518,0.2442868,1.703082,-0.005604197,0.5394824,1.675593,0.005330516,0.6973006,1.566324,-0.1705015,0.4508132,1.676376,-0.2471941,0.1932947,1.746936,-0.283758,-0.04430896,1.751764,-0.2892048,-0.1420874,1.758047,0.1574529,0.4396091,1.705056,0.2074178,0.191334,1.743491,0.2084546,-0.0445606,1.69829,0.1931059,-0.139302,1.677839,-0.09194689,0.1130043,1.713358,-0.1505362,-0.3434758,1.803007,-0.2081986,-0.7114406,1.940402,-0.2020461,-0.7705806,1.859125,0.04564845,0.1111592,1.718831,0.07693584,-0.3354692,1.807565,0.0878038,-0.7032457,1.91667,0.09395629,-0.7623858,1.835393,
7/24/2024 3:17:35 PM,2,-0.01538188,0.1825958,1.709678,-0.0124664,0.2419082,1.701219,0.003616892,0.5387571,1.673077,0.008905846,0.6981892,1.565178,-0.1622974,0.4489613,1.676021,-0.2360093,0.1894047,1.748304,-0.2717038,-0.05357284,1.752538,-0.2801389,-0.1462757,1.758303,0.1642568,0.437095,1.701163,0.2125272,0.1888838,1.739137,0.2126012,-0.04511456,1.693482,0.1976213,-0.1396602,1.672005,-0.0874598,0.1109656,1.712607,-0.1467907,-0.338824,1.797932,-0.2042678,-0.7069856,1.934194,-0.1991182,-0.7659069,1.853215,0.04941271,0.1085078,1.716445,0.07923485,-0.3347668,1.806594,0.0894929,-0.6994153,1.915803,0.09464254,-0.7583366,1.834824,
7/24/2024 3:17:35 PM,2,-0.01342293,0.1809581,1.708613,-0.009819311,0.2403549,1.699993,0.01096178,0.538043,1.670918,0.02114142,0.696798,1.562481,-0.1553769,0.4484919,1.675392,-0.2294259,0.1886869,1.748012,-0.2576354,-0.04601842,1.748957,-0.2627442,-0.1268872,1.754918,0.1703184,0.4338134,1.696551,0.2197478,0.183153,1.731721,0.2194647,-0.04622117,1.687172,0.203565,-0.1405693,1.665617,-0.08624184,0.1103579,1.712232,-0.1459094,-0.3374292,1.795312,-0.2028932,-0.7059211,1.930285,-0.1989287,-0.7646435,1.849601,0.05063311,0.1061994,1.714823,0.08026671,-0.334638,1.806046,0.09002291,-0.6989384,1.915664,0.09398738,-0.7576609,1.83498,
7/24/2024 3:17:35 PM,2,-0.009193864,0.1797538,1.706922,-0.005090495,0.2392841,1.698188,0.01680524,0.5376484,1.668973,0.02688936,0.6984435,1.562735,-0.1494457,0.4485914,1.674581,-0.221097,0.1927169,1.747055,-0.247146,-0.03672447,1.745008,-0.2549256,-0.1173487,1.75193,0.175056,0.4321567,1.69271,0.2239077,0.1792421,1.726022,0.2241895,-0.04959127,1.680682,0.2066456,-0.1438079,1.659985,-0.0822999,0.10999,1.711267,-0.1443366,-0.3366997,1.793491,-0.2019238,-0.705954,1.926874,-0.1988273,-0.7646788,1.846126,0.05406728,0.1045509,1.712634,0.0807346,-0.3344693,1.805613,0.09082349,-0.6975625,1.91531,0.09391998,-0.7562873,1.834562,
7/24/2024 3:17:36 PM,2,-0.007344274,0.1789657,1.705707,-0.002994058,0.238622,1.696926,0.01991023,0.5375881,1.66759,0.03069,0.6964337,1.559307,-0.1467869,0.4485585,1.674165,-0.2142519,0.1972863,1.746202,-0.2443409,-0.03700406,1.743334,-0.2526983,-0.1172631,1.750527,0.1780145,0.4312993,1.689491,0.2272602,0.176722,1.720684,0.2348,-0.1141683,1.656752,0.2031733,-0.1787,1.648363,-0.08066025,0.1097182,1.710453,-0.1433929,-0.3363476,1.792721,-0.2024613,-0.7065833,1.92489,-0.200184,-0.7650486,1.844438,0.05554783,0.1032853,1.711074,0.08120496,-0.33437,1.804818,0.09136371,-0.6962675,1.915115,0.093641,-0.7547328,1.834664,
7/24/2024 3:17:36 PM,2,-0.005918138,0.1780796,1.704362,-0.001537993,0.2378761,1.695639,0.02125356,0.5373465,1.666648,0.03506995,0.694488,1.556736,-0.1453909,0.4485763,1.674063,-0.2129606,0.1954448,1.745651,-0.2431505,-0.03799414,1.741601,-0.2579583,-0.1290045,1.749372,0.1795528,0.4307733,1.686792,0.2293389,0.1739049,1.716341,0.2378911,-0.1076093,1.656963,0.2100279,-0.188263,1.643933,-0.07929583,0.1093545,1.709444,-0.1429018,-0.3360077,1.792749,-0.20329,-0.707049,1.923676,-0.2017531,-0.7652397,1.843485,0.05689333,0.1017922,1.709209,0.08159169,-0.3345223,1.80396,0.09158115,-0.6959578,1.915027,0.09311809,-0.7541485,1.834837,
7/24/2024 3:17:36 PM,2,-0.005352249,0.1770078,1.703041,-0.0009171115,0.2369824,1.694485,0.0219531,0.5370196,1.666141,0.03748286,0.6933962,1.555548,-0.1441945,0.4485003,1.673875,-0.2127884,0.1943993,1.745048,-0.2421712,-0.03993407,1.739344,-0.2616292,-0.1329645,1.747442,0.1807196,0.4298874,1.684944,0.2296891,0.1693775,1.712104,0.2379483,-0.107327,1.656555,0.2165353,-0.1946776,1.640105,-0.07872725,0.1087892,1.708429,-0.1413482,-0.3358186,1.793336,-0.2037407,-0.7072937,1.923322,-0.2026733,-0.7654421,1.843058,0.05719446,0.1000073,1.707136,0.08185619,-0.32997,1.798655,0.09176706,-0.6957533,1.915129,0.09283452,-0.7539017,1.834865,
7/24/2024 3:17:36 PM,2,-0.005358554,0.1756372,1.701609,-0.0007792,0.2358165,1.693256,0.02246988,0.5365227,1.665674,0.03763486,0.6936418,1.555796,-0.1441007,0.4484593,1.673857,-0.2140155,0.1906993,1.74316,-0.2435887,-0.04265266,1.736419,-0.2608396,-0.1380178,1.743001,0.1809286,0.4286556,1.682981,0.2297199,0.1658674,1.708505,0.2387951,-0.1074364,1.65541,0.2203111,-0.1972954,1.638127,-0.0787578,0.1078565,1.707349,-0.1400783,-0.336076,1.795218,-0.2038897,-0.7080016,1.9235,-0.2033804,-0.7658554,1.843493,0.05679583,0.0978903,1.704828,0.08165544,-0.3289866,1.796054,0.09201501,-0.6952884,1.91546,0.09252434,-0.7531422,1.835453,
7/24/2024 3:17:36 PM,2,-0.005734338,0.1737259,1.699563,-0.001080165,0.2342463,1.691618,0.02239061,0.5361953,1.665483,0.03772848,0.6938202,1.556133,-0.1442191,0.4482738,1.673852,-0.216473,0.186905,1.741483,-0.2476325,-0.0500952,1.732469,-0.2599953,-0.1380813,1.739766,0.1806684,0.4275406,1.681814,0.228434,0.1625939,1.705484,0.2396086,-0.1076898,1.654456,0.2249484,-0.2017784,1.637014,-0.07910311,0.10583,1.705024,-0.1388404,-0.3386649,1.799459,-0.2042681,-0.7084174,1.923843,-0.2040776,-0.7659436,1.844071,0.05627351,0.09556758,1.70212,0.08135779,-0.328512,1.794274,0.09203248,-0.6951337,1.915469,0.09222297,-0.7526599,1.835698,
7/24/2024 3:17:36 PM,2,-0.00726039,0.1714431,1.696441,-0.002503754,0.2323696,1.689069,0.02150207,0.535829,1.665114,0.03862275,0.6941506,1.556696,-0.144994,0.44802,1.673728,-0.2219322,0.182108,1.739398,-0.2515176,-0.04188085,1.729002,-0.2589402,-0.1384969,1.73394,0.1791528,0.4258267,1.680216,0.2257506,0.1601471,1.701821,0.2402534,-0.1147832,1.65045,0.2269294,-0.2034743,1.636638,-0.08052488,0.1032484,1.701101,-0.1387968,-0.3390529,1.801937,-0.2043694,-0.7082492,1.923997,-0.2045765,-0.7656534,1.844098,0.05461329,0.09328377,1.698528,0.08100022,-0.3276488,1.792168,0.0920264,-0.695136,1.915464,0.09181935,-0.7525402,1.835565,
7/24/2024 3:17:36 PM,2,-0.01147307,0.1630872,1.692924,-0.006605189,0.2256978,1.685991,0.01784841,0.5349962,1.664112,0.04197057,0.6949929,1.558444,-0.1500506,0.4443036,1.673629,-0.226424,0.1798292,1.73718,-0.2563013,-0.0566388,1.720597,-0.2608922,-0.1387697,1.727948,0.1741233,0.4186876,1.677,0.219029,0.1511627,1.696149,0.2392412,-0.121799,1.646902,0.2289043,-0.2068764,1.636164,-0.08373905,0.0943751,1.696983,-0.1408709,-0.3372102,1.804229,-0.2044254,-0.7067665,1.924592,-0.205515,-0.7640552,1.844544,0.05006415,0.08486971,1.695015,0.07995036,-0.3269391,1.788092,0.09176587,-0.6934459,1.914703,0.0906762,-0.7507346,1.834655,
7/24/2024 3:17:36 PM,2,-0.01413385,0.1608049,1.691216,-0.00973639,0.2234394,1.684165,0.01197749,0.5343738,1.662494,0.04570536,0.6962559,1.560922,-0.1559759,0.4432387,1.673206,-0.2315691,0.1790777,1.734436,-0.2593755,-0.06175425,1.714707,-0.2655119,-0.1384017,1.719003,0.1712214,0.4159101,1.675966,0.2126909,0.1433726,1.692449,0.2380188,-0.1234869,1.646105,0.2292308,-0.2079158,1.635857,-0.08621422,0.09169958,1.695042,-0.1416228,-0.33694,1.805494,-0.2045671,-0.706069,1.925181,-0.2058457,-0.7631503,1.845395,0.04771606,0.08222934,1.693393,0.07842407,-0.328324,1.78572,0.09061904,-0.6910343,1.913198,0.0893404,-0.7481156,1.833412,
7/24/2024 3:17:36 PM,2,-0.01731749,0.1589562,1.68942,-0.01329781,0.2217567,1.682367,0.006227269,0.5344408,1.661208,0.04705426,0.6974031,1.562733,-0.1606081,0.4425325,1.672093,-0.2362819,0.1799101,1.730918,-0.2634641,-0.05927337,1.707743,-0.2692103,-0.1400079,1.709688,0.1681148,0.4137323,1.675006,0.2056613,0.1416916,1.690119,0.2325384,-0.1213499,1.644207,0.2269167,-0.2088952,1.634803,-0.08889089,0.08971151,1.693432,-0.1436421,-0.3365433,1.806897,-0.2047213,-0.7057263,1.92594,-0.2059643,-0.7625982,1.8464,0.04474162,0.08009309,1.69127,0.07600573,-0.3251849,1.778143,0.08976312,-0.6892748,1.911805,0.08852015,-0.7461466,1.832264,
7/24/2024 3:17:36 PM,2,-0.02026074,0.1577134,1.68798,-0.01669338,0.2205951,1.680943,0.0002608858,0.5343318,1.660338,0.04679043,0.6985122,1.565094,-0.1658457,0.4420474,1.670887,-0.2425415,0.1804125,1.726509,-0.2667949,-0.05794613,1.701416,-0.2705995,-0.1433852,1.700165,0.1631964,0.4137397,1.673631,0.2011009,0.1412847,1.688769,0.2265442,-0.1207631,1.642786,0.219546,-0.2110346,1.631122,-0.09150393,0.08834283,1.691903,-0.1457186,-0.3354546,1.807594,-0.2048554,-0.7050845,1.926909,-0.2061263,-0.7617522,1.847603,0.04249267,0.07903381,1.689873,0.07371568,-0.3238337,1.771959,0.08918623,-0.6864693,1.909767,0.08791541,-0.743137,1.83046,
7/24/2024 3:17:36 PM,2,-0.02378404,0.1563302,1.686209,-0.02072381,0.2193127,1.679255,-0.006524743,0.5339907,1.659477,0.04412978,0.6994135,1.5672,-0.1721835,0.4409454,1.669789,-0.2493361,0.1805303,1.723035,-0.2707323,-0.05546049,1.695006,-0.2728797,-0.14451,1.688836,0.1582439,0.4126244,1.672972,0.193298,0.1408171,1.688917,0.215384,-0.1163311,1.64222,0.2056585,-0.2120017,1.626567,-0.09486351,0.08644879,1.689613,-0.1473148,-0.3350899,1.807964,-0.2047649,-0.7046244,1.928664,-0.2059009,-0.7611012,1.849557,0.03985639,0.07786063,1.688336,0.07127922,-0.3226075,1.767452,0.0881283,-0.6852312,1.908485,0.08699224,-0.7417081,1.829378,
7/24/2024 3:17:36 PM,2,-0.02728256,0.1546313,1.684997,-0.02457858,0.2176979,1.67811,-0.01188838,0.5330188,1.658854,0.03809748,0.7005266,1.568865,-0.1787371,0.4387793,1.668259,-0.2551028,0.1801985,1.719486,-0.2736744,-0.05953964,1.686545,-0.2748199,-0.1449316,1.680039,0.1524863,0.4117317,1.672763,0.1872996,0.1411587,1.688921,0.2002423,-0.1097223,1.643395,0.1922438,-0.2065602,1.625786,-0.09810217,0.08404165,1.687764,-0.1498095,-0.3324236,1.806769,-0.2048993,-0.7037973,1.93066,-0.2056548,-0.7601412,1.851713,0.03693894,0.07665805,1.687518,0.0690832,-0.3206077,1.760811,0.08540581,-0.6797796,1.904313,0.08465032,-0.7361235,1.825366,
7/24/2024 3:17:36 PM,2,-0.03141519,0.153654,1.683892,-0.02919805,0.2167886,1.677103,-0.01893886,0.5326108,1.658571,0.02873435,0.7004328,1.567974,-0.184379,0.4379516,1.66692,-0.260902,0.1797244,1.715751,-0.2775028,-0.0660557,1.678475,-0.2774398,-0.1475676,1.671167,0.1464621,0.4117014,1.673229,0.1812676,0.1453948,1.689354,0.1893158,-0.1014616,1.644686,0.1809675,-0.1981613,1.625393,-0.1017391,0.08248731,1.686109,-0.1524287,-0.3294033,1.804963,-0.2051297,-0.7033147,1.931578,-0.2053739,-0.7595047,1.852812,0.03342784,0.07619139,1.686719,0.06746445,-0.3258219,1.759838,0.08524241,-0.6798867,1.903683,0.08499821,-0.7360768,1.824917,
7/24/2024 3:17:36 PM,2,-0.03642422,0.153203,1.682915,-0.0346189,0.216382,1.676197,-0.0261062,0.5324364,1.658087,0.02478988,0.6999336,1.568164,-0.1917522,0.4378211,1.665427,-0.2643678,0.180072,1.712057,-0.2812586,-0.06815086,1.673004,-0.2796432,-0.1483917,1.666583,0.1408165,0.4115554,1.673732,0.1742751,0.1532401,1.690743,0.1762822,-0.07982251,1.650035,0.171353,-0.1767827,1.629105,-0.1063615,0.081145,1.684621,-0.1557743,-0.3284448,1.803516,-0.2054298,-0.7027301,1.932779,-0.2051371,-0.7587363,1.854264,0.02894131,0.07611116,1.686078,0.06507961,-0.3277096,1.758072,0.08355804,-0.6815607,1.902604,0.08385077,-0.7375669,1.824088,
7/24/2024 3:17:36 PM,2,-0.04145433,0.1533442,1.681839,-0.03991131,0.21652,1.675249,-0.03252942,0.5324942,1.657812,0.02177107,0.6998025,1.568938,-0.1966314,0.4374303,1.663747,-0.2718326,0.1792005,1.705889,-0.2861143,-0.06440397,1.666893,-0.2826402,-0.1497509,1.661052,0.1348978,0.4126201,1.674674,0.1584251,0.1661314,1.692173,0.1637932,-0.0537198,1.657089,0.1589502,-0.1504071,1.634966,-0.1110357,0.08071002,1.682874,-0.1617712,-0.3272208,1.801346,-0.205973,-0.7009566,1.933348,-0.2049469,-0.7567642,1.8551,0.02422,0.07679716,1.685371,0.06335432,-0.3276708,1.755359,0.08267294,-0.6822996,1.901687,0.08369909,-0.7381073,1.823439,
7/24/2024 3:17:36 PM,2,-0.04644769,0.1537238,1.680675,-0.04535942,0.2169292,1.674174,-0.04037969,0.5330265,1.657256,0.0199881,0.6997579,1.570288,-0.2037942,0.4363059,1.662266,-0.2757694,0.1781968,1.701669,-0.2906817,-0.06648201,1.660445,-0.2856974,-0.1522765,1.655672,0.1287768,0.4132172,1.675262,0.152169,0.1716707,1.694217,0.1595046,-0.04998466,1.657768,0.1514504,-0.1465501,1.636117,-0.1159585,0.08026504,1.680863,-0.1670129,-0.3249008,1.798741,-0.2062046,-0.7009726,1.934053,-0.2046086,-0.7568119,1.855751,0.02016124,0.07759301,1.684782,0.06062444,-0.3274544,1.753343,0.08155639,-0.6833957,1.900149,0.08315241,-0.739235,1.821846,
7/24/2024 3:17:36 PM,2,-0.05284521,0.1501964,1.680823,-0.05176618,0.2140194,1.674254,-0.04710641,0.5328524,1.656909,0.01015153,0.7011896,1.570574,-0.2111715,0.4314685,1.660914,-0.2812578,0.1727425,1.696188,-0.2932926,-0.06856155,1.655593,-0.2892945,-0.1544217,1.651548,0.120915,0.4101862,1.675332,0.1443716,0.1722493,1.695311,0.1340523,-0.09453311,1.655858,0.1238467,-0.1622617,1.629708,-0.1214425,0.0757217,1.680922,-0.1711067,-0.3222017,1.795709,-0.2066412,-0.6962118,1.934159,-0.2046552,-0.7518864,1.856141,0.01349249,0.07533558,1.685153,0.05766123,-0.329955,1.752592,0.07905599,-0.6782696,1.894847,0.08104193,-0.7339442,1.816829,
7/24/2024 3:17:36 PM,2,-0.05740418,0.1483681,1.680734,-0.05639898,0.2124958,1.674136,-0.05193961,0.5329073,1.656606,0.00830264,0.7009157,1.571209,-0.2149194,0.4306787,1.659598,-0.2856683,0.1691942,1.692906,-0.2969005,-0.06933855,1.650501,-0.2928178,-0.1550539,1.647112,0.1143902,0.4089762,1.675532,0.1383913,0.1732962,1.696419,0.1295927,-0.09200574,1.654676,0.1193974,-0.159666,1.628553,-0.1252223,0.07364972,1.68082,-0.17433,-0.3215269,1.79441,-0.2067073,-0.6931326,1.93466,-0.2042928,-0.7486699,1.856875,0.008436535,0.07439131,1.68512,0.05462828,-0.3361887,1.75376,0.0779836,-0.6771768,1.892413,0.0803981,-0.7327142,1.814628,
7/24/2024 3:17:36 PM,2,-0.06202564,0.1471148,1.680359,-0.06113128,0.2113982,1.673732,-0.05697583,0.5327,1.656032,-0.004084103,0.7002435,1.56663,-0.2197605,0.4299435,1.658305,-0.2906839,0.1684902,1.689448,-0.3006163,-0.0679619,1.646777,-0.2951603,-0.1566064,1.643158,0.1109584,0.4080457,1.676017,0.1321194,0.1755945,1.696763,0.1225734,-0.08874039,1.653633,0.1123867,-0.1563434,1.627532,-0.130134,0.07161757,1.680467,-0.1774571,-0.3193893,1.792785,-0.2067355,-0.6887008,1.93479,-0.2038719,-0.7441317,1.857198,0.004105737,0.07354988,1.684775,0.05112885,-0.3339154,1.752854,0.07613154,-0.6753365,1.88999,0.07899517,-0.7307674,1.812398,
