Timestamp,TrackingID,SpineBaseX,SpineBaseY,SpineBaseZ,SpineMidX,SpineMidY,SpineMidZ,NeckX,NeckY,NeckZ,HeadX,HeadY,HeadZ,ShoulderLeftX,ShoulderLeftY,ShoulderLeftZ,ElbowLeftX,ElbowLeftY,ElbowLeftZ,WristLeftX,WristLeftY,WristLeftZ,HandLeftX,HandLeftY,HandLeftZ,ShoulderRightX,ShoulderRightY,ShoulderRightZ,ElbowRightX,ElbowRightY,ElbowRightZ,WristRightX,WristRightY,WristRightZ,HandRightX,HandRightY,HandRightZ,HipLeftX,HipLeftY,HipLeftZ,KneeLeftX,KneeLeftY,KneeLeftZ,AnkleLeftX,AnkleLeftY,AnkleLeftZ,FootLeftX,FootLeftY,FootLeftZ,HipRightX,HipRightY,HipRightZ,KneeRightX,KneeRightY,KneeRightZ,AnkleRightX,AnkleRightY,AnkleRightZ,FootRightX,FootRightY,FootRightZ,SpineShoulderX,SpineShoulderY,SpineShoulderZ,HandTipLeftX,HandTipLeftY,HandTipLeftZ,ThumbLeftX,ThumbLeftY,ThumbLeftZ,HandTipRightX,HandTipRightY,HandTipRightZ,ThumbRightX,ThumbRightY,ThumbRightZ
7/24/2024 1:16:18 PM,3,0.02080174,-0.2265568,2.9108,0.01119517,-0.1660472,2.966488,0.008433939,0.1892358,2.970933,0.01759387,0.3470903,2.922254,-0.1554035,0.08057629,2.929351,-0.2042144,-0.2035289,2.922895,-0.2089753,-0.4246944,2.839583,-0.2034383,-0.4826868,2.830283,0.172546,0.06715929,2.978036,0.207556,-0.1872975,2.946665,0.215948,-0.4025165,2.847032,0.2200003,-0.4976937,2.818983,-0.05078302,-0.29763,2.883112,-0.08926942,-0.7129558,2.905984,-0.1226161,-1.090804,2.944454,-0.1374394,-1.160869,2.913399,0.09679425,-0.3036677,2.912266,0.1183557,-0.7000381,2.906563,0.137378,-1.06235,2.944479,0.14897,-1.096243,2.86679,
7/24/2024 1:16:18 PM,3,0.01965938,-0.2285998,2.910792,0.01031886,-0.167897,2.96644,0.008415602,0.1877005,2.97045,0.01002841,0.3408028,2.922182,-0.1553856,0.08054464,2.929891,-0.2064069,-0.2009586,2.920112,-0.2112979,-0.4219956,2.836979,-0.2100078,-0.4727322,2.820153,0.1722031,0.06631589,2.978065,0.2063639,-0.1896568,2.945425,0.2130477,-0.4602477,2.828725,0.2241883,-0.5317207,2.810388,-0.05184494,-0.2991239,2.883263,-0.08965936,-0.7133571,2.906816,-0.1224762,-1.091392,2.944828,-0.1366988,-1.160608,2.912916,0.09513754,-0.3061116,2.912344,0.1177892,-0.700812,2.906841,0.1372088,-1.063042,2.945173,0.1486388,-1.096702,2.868057,
7/24/2024 1:16:18 PM,3,0.01960604,-0.2286915,2.910652,0.0105495,-0.1680906,2.966365,0.007847835,0.1866879,2.970152,0.008684339,0.3496097,2.916513,-0.1560601,0.07961062,2.930327,-0.2071878,-0.2005485,2.920163,-0.214937,-0.421607,2.837005,-0.2127213,-0.4700037,2.821126,0.1712497,0.06601482,2.976228,0.2059787,-0.1925087,2.943775,0.2129941,-0.4108239,2.852373,0.2186157,-0.508598,2.815434,-0.05189784,-0.2993516,2.883064,-0.08989578,-0.7132393,2.906582,-0.1229164,-1.089095,2.943548,-0.1375165,-1.162366,2.913216,0.09512675,-0.306125,2.912229,0.1177787,-0.7007963,2.9068,0.1371875,-1.062922,2.945158,0.1479146,-1.096065,2.869132,
7/24/2024 1:16:18 PM,3,0.01892405,-0.2287443,2.91028,0.01034751,-0.1681133,2.966124,0.007758033,0.1868294,2.970049,0.006629238,0.3542461,2.911087,-0.1565137,0.07985025,2.931274,-0.2084365,-0.1998381,2.91977,-0.2141619,-0.421389,2.837708,-0.2118962,-0.4716392,2.820841,0.170215,0.06698857,2.974912,0.2055154,-0.1921854,2.94339,0.2136743,-0.4107895,2.852664,0.2158503,-0.5112717,2.813755,-0.05262546,-0.2994441,2.882759,-0.09032834,-0.713391,2.906432,-0.1222821,-1.084754,2.940395,-0.1386458,-1.16299,2.906996,0.09411704,-0.3059052,2.911664,0.1177803,-0.7014369,2.906111,0.137112,-1.064793,2.94741,0.1472471,-1.097707,2.871815,
7/24/2024 1:16:18 PM,3,0.01766209,-0.2302341,2.909674,0.009491798,-0.1691234,2.965797,0.007672899,0.1870146,2.970254,0.006449603,0.3579221,2.908816,-0.1564565,0.07932825,2.931545,-0.2094119,-0.2008311,2.920393,-0.2133346,-0.4228252,2.839345,-0.2092353,-0.4704694,2.816317,0.1699776,0.0667962,2.974731,0.2050746,-0.1921253,2.943204,0.2137449,-0.4098673,2.849873,0.2152014,-0.513823,2.813045,-0.0538122,-0.3007055,2.882828,-0.09097667,-0.7128676,2.906901,-0.1222779,-1.085207,2.94014,-0.1389608,-1.160206,2.904534,0.09237929,-0.3070199,2.910077,0.1177406,-0.7015676,2.90614,0.1370637,-1.064941,2.947246,0.1342889,-1.139229,2.927417,
7/24/2024 1:16:18 PM,3,0.01766621,-0.2302146,2.909613,0.009642167,-0.169112,2.965774,0.007767879,0.1870628,2.97019,0.006445636,0.3605359,2.907094,-0.1561814,0.08012076,2.93271,-0.2098688,-0.1993116,2.922437,-0.212681,-0.4200741,2.838436,-0.210889,-0.4699112,2.816578,0.1701524,0.06684524,2.974737,0.2045804,-0.1874081,2.945214,0.2137375,-0.4045894,2.851321,0.2151345,-0.5101136,2.814738,-0.05385586,-0.3006637,2.882536,-0.09131283,-0.7127672,2.906674,-0.1217772,-1.085928,2.940555,-0.1384158,-1.164109,2.909664,0.09240966,-0.3070411,2.910132,0.117741,-0.7016839,2.905926,0.137801,-1.062911,2.945998,0.1342572,-1.13728,2.92621,
7/24/2024 1:16:18 PM,3,0.01736539,-0.2308745,2.909473,0.009278136,-0.1697418,2.965661,0.007690032,0.1869617,2.970263,0.006599719,0.3622978,2.9059,-0.1558489,0.07990117,2.932393,-0.208893,-0.1996524,2.920759,-0.2128714,-0.4205966,2.838592,-0.2107327,-0.4651097,2.817528,0.1703521,0.06649243,2.97477,0.2033305,-0.1856529,2.945181,0.2160284,-0.4546894,2.826697,0.2148467,-0.5317366,2.810042,-0.05417921,-0.3013034,2.882271,-0.09237242,-0.7121753,2.906141,-0.1219245,-1.087327,2.940361,-0.1375853,-1.164864,2.909727,0.09211986,-0.307704,2.910111,0.1176891,-0.7018584,2.906032,0.137369,-1.062961,2.946359,0.1351563,-1.135993,2.926026,
7/24/2024 1:16:18 PM,3,0.01645583,-0.2319464,2.908913,0.008072305,-0.1709083,2.965019,0.005605052,0.1858675,2.969405,0.01224308,0.364938,2.908271,-0.1554418,0.07828887,2.931836,-0.2088536,-0.2012598,2.920614,-0.2124061,-0.4250958,2.84935,-0.2090558,-0.4661117,2.815928,0.1702908,0.06627531,2.974751,0.2031025,-0.186867,2.943214,0.2127998,-0.4017177,2.84487,0.2151731,-0.5051923,2.812069,-0.05493226,-0.3026646,2.881384,-0.09320151,-0.7130834,2.906332,-0.1222849,-1.086462,2.939643,-0.1377509,-1.1642,2.907107,0.09148056,-0.3082771,2.909993,0.1177087,-0.7019004,2.905693,0.1374216,-1.06232,2.945199,0.1360979,-1.1356,2.922108,
7/24/2024 1:16:18 PM,3,0.01589372,-0.2322366,2.908672,0.007573721,-0.171124,2.964843,0.005451954,0.1860244,2.969417,0.01181347,0.3656438,2.906437,-0.1554906,0.07820915,2.931783,-0.2110743,-0.1981487,2.921067,-0.2119085,-0.4216909,2.849768,-0.2095052,-0.4686288,2.821031,0.1702819,0.06620105,2.974794,0.2031921,-0.1870263,2.94348,0.2131287,-0.4016968,2.845528,0.2137421,-0.5057143,2.809556,-0.0556119,-0.3029907,2.88119,-0.09347437,-0.7127768,2.905992,-0.1225366,-1.082059,2.943114,-0.1381475,-1.161656,2.904151,0.09087287,-0.3085855,2.90966,0.1179592,-0.7010361,2.904437,0.1379298,-1.064582,2.944225,0.1364442,-1.136637,2.92166,
7/24/2024 1:16:18 PM,3,0.01590952,-0.232281,2.908628,0.007544673,-0.1712363,2.964833,0.005278872,0.1858169,2.969812,0.01213253,0.3661348,2.905792,-0.1551916,0.07823587,2.931287,-0.2083355,-0.2071043,2.922336,-0.2126893,-0.4295632,2.846785,-0.2100184,-0.4693859,2.821194,0.1706704,0.06564947,2.974357,0.2032022,-0.1870594,2.943525,0.2132049,-0.4017759,2.845434,0.2111353,-0.5043023,2.802536,-0.05543293,-0.3040302,2.880858,-0.09287919,-0.7135236,2.906322,-0.1226832,-1.082204,2.943225,-0.1696551,-1.166147,2.943918,0.09093882,-0.3081113,2.909483,0.1180027,-0.7011756,2.90388,0.1374295,-1.062304,2.943577,0.1365933,-1.136316,2.922461,
7/24/2024 1:16:18 PM,3,0.0158361,-0.2320776,2.908337,0.007479785,-0.1711648,2.964658,0.005290055,0.1864021,2.970463,0.01049294,0.3675557,2.905917,-0.1552093,0.07847017,2.930584,-0.2094026,-0.2003714,2.91929,-0.2119979,-0.4235371,2.846803,-0.2097941,-0.4682703,2.819447,0.1701179,0.06605751,2.973619,0.2031318,-0.1870682,2.94351,0.2133022,-0.4016981,2.845626,0.2107483,-0.5046592,2.801413,-0.0555179,-0.3040217,2.880143,-0.09319519,-0.7136932,2.906651,-0.1219238,-1.081461,2.941808,-0.1499126,-1.167259,2.911188,0.09071817,-0.3070632,2.909162,0.1180252,-0.7008805,2.903557,0.1368545,-1.057678,2.938227,0.1469998,-1.090896,2.861778,
7/24/2024 1:16:18 PM,3,0.01586586,-0.2320625,2.908314,0.007618664,-0.171161,2.964664,0.005222175,0.1863058,2.970368,0.009124851,0.368061,2.905332,-0.1552134,0.07832076,2.930545,-0.2094421,-0.2010676,2.919169,-0.2122248,-0.4243729,2.847458,-0.2111835,-0.4661723,2.821574,0.169381,0.06643028,2.972677,0.2027879,-0.1878484,2.943766,0.2135192,-0.4022374,2.845504,0.2076268,-0.5026957,2.793706,-0.05528101,-0.3042068,2.880276,-0.09348834,-0.7138531,2.905741,-0.1211818,-1.0854,2.940938,-0.1479461,-1.167397,2.911917,0.09076326,-0.3063377,2.909072,0.1179002,-0.7008824,2.902771,0.1363507,-1.061775,2.937836,0.1462859,-1.094982,2.861384,
7/24/2024 1:16:18 PM,3,0.01571598,-0.2319736,2.908084,0.007472219,-0.1711016,2.964387,0.004642094,0.1849115,2.969102,0.008008,0.3676381,2.904401,-0.1556924,0.07845835,2.930705,-0.211233,-0.1785338,2.923829,-0.2272276,-0.4012479,2.853942,-0.2325591,-0.475486,2.835149,0.1694118,0.06645162,2.972557,0.2018347,-0.1954506,2.943224,0.2140119,-0.408433,2.842963,0.2183596,-0.4935021,2.838466,-0.05565915,-0.304433,2.8799,-0.09301612,-0.7140672,2.906859,-0.1217896,-1.08638,2.940683,-0.1467988,-1.17142,2.918517,0.09075356,-0.306268,2.908983,0.117509,-0.6999148,2.901968,0.1362167,-1.06168,2.93777,0.1460569,-1.094857,2.861432,
7/24/2024 1:16:18 PM,3,0.01445789,-0.232031,2.907781,0.006555679,-0.1710196,2.964174,0.00466929,0.1860063,2.969247,0.007183713,0.3689147,2.903715,-0.155358,0.07853376,2.93084,-0.210877,-0.180974,2.924645,-0.212682,-0.4029214,2.851221,-0.2043565,-0.4731545,2.831934,0.1695417,0.06623843,2.972572,0.2013148,-0.1947052,2.943557,0.2139796,-0.4075792,2.844154,0.2096412,-0.4951879,2.817597,-0.05715116,-0.3044607,2.879973,-0.093273,-0.7141661,2.906433,-0.1212881,-1.089733,2.942505,-0.1467122,-1.171011,2.918653,0.08878099,-0.3060792,2.908301,0.1173359,-0.6997904,2.899927,0.1361372,-1.061841,2.937773,0.1459457,-1.094939,2.861611,
7/24/2024 1:16:18 PM,3,0.0144549,-0.2306435,2.907827,0.007626312,-0.1700516,2.964359,0.004674594,0.1861376,2.969351,0.008070505,0.3627883,2.904544,-0.1596861,0.08827366,2.938945,-0.2106512,-0.1887415,2.923747,-0.2122305,-0.4106793,2.849944,-0.206531,-0.4700042,2.829407,0.1686437,0.06644078,2.971774,0.2012605,-0.1939843,2.943565,0.2163907,-0.4540971,2.822644,0.2075595,-0.5361143,2.819351,-0.05714165,-0.3037419,2.879801,-0.09391834,-0.7122859,2.904266,-0.1215712,-1.089459,2.942103,-0.1451127,-1.166105,2.910679,0.08890019,-0.3044958,2.908566,0.1175294,-0.6993424,2.898425,0.1361583,-1.061561,2.937716,0.1442074,-1.094542,2.861556,
7/24/2024 1:16:18 PM,3,0.01422429,-0.2303936,2.907706,0.00727378,-0.169874,2.964231,0.004663793,0.186145,2.969328,0.003986083,0.3639995,2.904786,-0.1595266,0.08664852,2.937236,-0.2108917,-0.1920121,2.924401,-0.2117242,-0.4129024,2.846293,-0.2065604,-0.470701,2.829718,0.1683852,0.06681537,2.971394,0.201241,-0.1945273,2.943921,0.21524,-0.4097383,2.850077,0.2120699,-0.5167998,2.816587,-0.05732577,-0.3036637,2.879674,-0.0944849,-0.7116126,2.903744,-0.1216636,-1.083175,2.94161,-0.1438885,-1.164555,2.909123,0.08857261,-0.3039306,2.908478,0.1168887,-0.6988745,2.896419,0.1363223,-1.060429,2.935274,0.1445969,-1.093382,2.859199,
7/24/2024 1:16:18 PM,3,0.014239,-0.2301078,2.907546,0.007380904,-0.1696924,2.964094,0.004574958,0.1861281,2.969249,0.00300826,0.3641107,2.903435,-0.1598098,0.08601198,2.937403,-0.2105111,-0.1925203,2.924823,-0.2119255,-0.4139585,2.848216,-0.2080276,-0.4668967,2.83,0.1676176,0.06705121,2.970737,0.2012402,-0.1935715,2.944311,0.2118995,-0.4085405,2.847416,0.2115545,-0.5057129,2.819627,-0.0572937,-0.3036211,2.879626,-0.09418227,-0.711635,2.902871,-0.1217898,-1.082887,2.94022,-0.1136456,-1.116164,2.863361,0.08867989,-0.3029732,2.908103,0.116777,-0.6987371,2.896065,0.1364903,-1.060589,2.934916,0.1446346,-1.093865,2.858056,
7/24/2024 1:16:18 PM,3,0.01426742,-0.2300949,2.907488,0.007286338,-0.169701,2.964038,0.00462393,0.1861676,2.969374,0.003128866,0.364798,2.903409,-0.1586827,0.08437067,2.936463,-0.2113011,-0.1919397,2.924235,-0.2113571,-0.413608,2.848147,-0.2100907,-0.4616398,2.824425,0.1674812,0.06723931,2.970725,0.2020634,-0.1938827,2.943888,0.2126493,-0.4087148,2.847997,0.2118515,-0.5047417,2.819712,-0.05715669,-0.3036237,2.879478,-0.09403576,-0.7106785,2.901942,-0.1215742,-1.081764,2.937934,-0.1419529,-1.158117,2.911427,0.08867775,-0.3028217,2.908059,0.1173834,-0.6972712,2.89369,0.1364821,-1.059749,2.934479,0.1447587,-1.092862,2.858005,
7/24/2024 1:16:18 PM,3,0.01414223,-0.2305703,2.90733,0.006998776,-0.1700219,2.96396,0.004292774,0.1868754,2.97029,0.007068584,0.3610626,2.90597,-0.1568631,0.0835495,2.935536,-0.2114161,-0.1918807,2.924109,-0.2114563,-0.4135284,2.847872,-0.2099516,-0.4607559,2.822953,0.1670008,0.06727065,2.97084,0.2011988,-0.1922351,2.945711,0.2131833,-0.4059562,2.847111,0.2126777,-0.5136019,2.816231,-0.05708844,-0.3038568,2.879236,-0.09406474,-0.711058,2.901824,-0.1223665,-1.080659,2.936688,-0.14067,-1.160145,2.912613,0.08849739,-0.3029296,2.908041,0.1172818,-0.6975188,2.893401,0.1365716,-1.058968,2.934968,0.1375356,-1.12693,2.914948,
7/24/2024 1:16:18 PM,3,0.01446229,-0.2306776,2.907469,0.007199864,-0.170071,2.964051,0.004364265,0.1869319,2.970323,0.01066157,0.3627046,2.907535,-0.1566481,0.0830622,2.935256,-0.2116557,-0.1931937,2.924595,-0.2115434,-0.4146142,2.847461,-0.2091911,-0.4934084,2.821754,0.1668443,0.06685093,2.970668,0.2010567,-0.1922432,2.945708,0.2135598,-0.4063176,2.848,0.2118152,-0.5121738,2.81091,-0.05660651,-0.3041094,2.879323,-0.09446377,-0.7112904,2.901778,-0.1214169,-1.076064,2.937031,-0.1395186,-1.15968,2.905369,0.08892048,-0.3028829,2.908449,0.1173227,-0.6973727,2.893062,0.1361388,-1.059529,2.935033,0.1365256,-1.130014,2.915108,
7/24/2024 1:16:18 PM,3,0.0145315,-0.2304392,2.907688,0.007208896,-0.1698498,2.964169,0.004072612,0.1871134,2.970146,0.006507374,0.3585834,2.899044,-0.1568075,0.08293732,2.935339,-0.2096132,-0.1974177,2.927058,-0.2119634,-0.4171301,2.844002,-0.2098382,-0.4941081,2.816271,0.1667841,0.06714027,2.970754,0.2010297,-0.1915013,2.945709,0.2140104,-0.452997,2.826931,0.2109414,-0.5326271,2.808256,-0.05651181,-0.3040944,2.879552,-0.09426622,-0.7118109,2.902245,-0.1213528,-1.077816,2.937937,-0.1128488,-1.110704,2.861987,0.08917556,-0.3023663,2.908967,0.1174457,-0.6971056,2.892811,0.1364618,-1.061708,2.934815,0.1449658,-1.094596,2.858866,
7/24/2024 1:16:18 PM,3,0.01484491,-0.2305144,2.907869,0.007299604,-0.1698976,2.964272,0.003836639,0.187057,2.970217,0.007335545,0.3601505,2.900666,-0.1563949,0.08229866,2.935134,-0.2101005,-0.1977544,2.925677,-0.212162,-0.4178904,2.843662,-0.2100606,-0.4955435,2.817652,0.1668859,0.06713854,2.970982,0.2017218,-0.1920827,2.945524,0.2123455,-0.4095437,2.856157,0.2134191,-0.5127947,2.815882,-0.05591713,-0.3042876,2.879705,-0.09387062,-0.71187,2.902318,-0.1219753,-1.076819,2.936998,-0.1345268,-1.153142,2.903732,0.08969804,-0.302384,2.909389,0.1179374,-0.6977054,2.89288,0.1361,-1.061261,2.933963,0.1446602,-1.094058,2.858241,
7/24/2024 1:16:19 PM,3,0.01499459,-0.2305955,2.908006,0.007224379,-0.1699416,2.96435,0.003714474,0.1870799,2.970282,0.008895146,0.3623362,2.903343,-0.1559871,0.0816086,2.934778,-0.2109909,-0.1980048,2.925955,-0.2133864,-0.4191162,2.847401,-0.2102696,-0.457606,2.827578,0.1668577,0.06708872,2.971688,0.2005166,-0.183836,2.949062,0.2121114,-0.4006327,2.858155,0.2130403,-0.5045604,2.818668,-0.0556599,-0.3044308,2.879769,-0.09422088,-0.7112515,2.901389,-0.1226927,-1.081294,2.938904,-0.1347563,-1.156933,2.90532,0.08993266,-0.3023935,2.909773,0.1175302,-0.6970277,2.892396,0.1359552,-1.061275,2.93389,0.1447224,-1.093993,2.858384,
7/24/2024 1:16:19 PM,3,0.01460741,-0.2308693,2.908175,0.006908087,-0.1702332,2.964479,0.00299738,0.1863173,2.969937,0.01136347,0.3608569,2.901165,-0.1562774,0.08029969,2.935415,-0.2109684,-0.1981507,2.926071,-0.2115111,-0.4193671,2.848279,-0.2091277,-0.4628734,2.817301,0.166807,0.06713571,2.971812,0.2023352,-0.1809601,2.950029,0.2126045,-0.3993664,2.857846,0.2135521,-0.4970791,2.82969,-0.05617391,-0.3049749,2.880383,-0.09404398,-0.7107589,2.901611,-0.1221757,-1.080742,2.940498,-0.13379,-1.157113,2.905318,0.08958546,-0.3025256,2.909794,0.1175193,-0.6970709,2.892427,0.1359902,-1.060914,2.93367,0.1445542,-1.09357,2.858311,
7/24/2024 1:16:19 PM,3,0.01437298,-0.2308478,2.908271,0.006654324,-0.1701313,2.964556,0.002777503,0.1869855,2.969977,0.01148444,0.3620371,2.901249,-0.1562008,0.08013806,2.935374,-0.2122436,-0.1937708,2.927433,-0.2113392,-0.4149051,2.84986,-0.2118418,-0.4673535,2.824476,0.1666981,0.06718528,2.972005,0.2023748,-0.1837462,2.948522,0.212821,-0.4000266,2.856797,0.2135947,-0.4980558,2.827517,-0.05643061,-0.3049319,2.880632,-0.09390792,-0.7106863,2.901564,-0.1213609,-1.080421,2.94235,-0.1336254,-1.157009,2.905081,0.08920283,-0.3023933,2.90986,0.1172753,-0.697444,2.892895,0.1363555,-1.062482,2.934436,0.1449685,-1.095146,2.85908,
7/24/2024 1:16:19 PM,3,0.01279537,-0.2290039,2.908862,0.006837854,-0.1689375,2.96511,0.002655714,0.1867082,2.969985,0.01149936,0.3621465,2.90079,-0.164585,0.08696395,2.946742,-0.2120972,-0.1946531,2.927988,-0.2111631,-0.4156896,2.850148,-0.2120667,-0.468509,2.823796,0.1669835,0.0675756,2.974177,0.2024335,-0.1848271,2.949213,0.2131637,-0.4005252,2.855991,0.2148888,-0.5028548,2.825572,-0.05873339,-0.303673,2.881397,-0.09416734,-0.7105006,2.901752,-0.1215195,-1.082567,2.94018,-0.1342418,-1.157026,2.905347,0.08833538,-0.3018204,2.909968,0.1168388,-0.6993737,2.893458,0.1366253,-1.064592,2.93551,0.1431976,-1.097231,2.859991,
7/24/2024 1:16:19 PM,3,0.0123275,-0.2303927,2.909216,0.005449449,-0.170147,2.965312,0.001583778,0.1854669,2.969827,0.01232095,0.3628607,2.903144,-0.1602935,0.08121456,2.940744,-0.2129264,-0.1981819,2.92944,-0.2110932,-0.4184381,2.848778,-0.2124632,-0.4720707,2.822639,0.1669659,0.06738311,2.974165,0.2024809,-0.1914875,2.947244,0.2145957,-0.4074496,2.854752,0.2135918,-0.4996191,2.825209,-0.05898565,-0.3049198,2.881681,-0.09407958,-0.7105526,2.902059,-0.1217377,-1.082313,2.939422,-0.1374559,-1.157733,2.904654,0.0878305,-0.3028212,2.91055,0.1169245,-0.6994969,2.893594,0.1364035,-1.058993,2.937955,0.1359163,-1.126416,2.91991,
7/24/2024 1:16:19 PM,3,0.01236295,-0.2303969,2.909479,0.00538397,-0.1701455,2.965599,0.001980079,0.1855932,2.970396,0.01195813,0.3637551,2.904149,-0.1591992,0.08066367,2.940495,-0.2144888,-0.1951608,2.929793,-0.2107317,-0.4165101,2.852829,-0.2112882,-0.4750079,2.8235,0.166879,0.06770114,2.974756,0.2024636,-0.1914244,2.947285,0.2160245,-0.4085725,2.858291,0.2136976,-0.4997259,2.827818,-0.0588265,-0.3048762,2.882197,-0.09416847,-0.710457,2.902283,-0.1215993,-1.084195,2.93991,-0.1136554,-1.116709,2.864863,0.08766263,-0.3026085,2.910755,0.1169135,-0.6974388,2.894085,0.1364193,-1.05889,2.93842,0.1443632,-1.091404,2.863373,
7/24/2024 1:16:19 PM,3,0.01239656,-0.2301144,2.909797,0.00526973,-0.1699389,2.965999,0.001445064,0.1858148,2.971547,0.01086501,0.363979,2.904519,-0.1591277,0.0806224,2.940532,-0.2123052,-0.1986543,2.931165,-0.2100666,-0.4221477,2.86183,-0.2137965,-0.4469799,2.836829,0.1670234,0.06775699,2.975239,0.2030719,-0.191903,2.94744,0.2160238,-0.4083209,2.856058,0.214763,-0.4997482,2.828145,-0.05870168,-0.3046707,2.882556,-0.09404675,-0.7104994,2.902233,-0.1215623,-1.084068,2.939617,-0.1393532,-1.156394,2.895989,0.08768519,-0.3022274,2.910885,0.1184612,-0.6941003,2.894099,0.1362033,-1.052374,2.94095,0.1442246,-1.084768,2.866124,
7/24/2024 1:16:19 PM,3,0.01226102,-0.2303268,2.909931,0.005208776,-0.1701057,2.966163,0.001612572,0.1861382,2.972255,0.0102859,0.3641036,2.904195,-0.1582612,0.0796286,2.941621,-0.212194,-0.1986327,2.931051,-0.2108089,-0.4209409,2.856948,-0.2178742,-0.4734147,2.816423,0.1671827,0.06768937,2.976135,0.2028866,-0.1916831,2.948066,0.2159007,-0.4079536,2.856132,0.2141534,-0.5007328,2.82664,-0.05885147,-0.3049652,2.882924,-0.09431221,-0.7109991,2.902179,-0.121789,-1.084187,2.939074,-0.1412471,-1.161259,2.901666,0.08740235,-0.3022729,2.910791,0.1176883,-0.6962625,2.895174,0.1371735,-1.070641,2.941147,0.136253,-1.144995,2.918088,
7/24/2024 1:16:19 PM,3,0.01217165,-0.2303153,2.909991,0.005124273,-0.1699812,2.966184,0.00120489,0.1860307,2.971269,0.01031674,0.3650028,2.904308,-0.1581909,0.07955205,2.941717,-0.2125851,-0.2071227,2.932186,-0.2112161,-0.4268351,2.848692,-0.2165862,-0.4770827,2.822722,0.1671882,0.06770175,2.976139,0.2027446,-0.1925188,2.948562,0.216047,-0.4086296,2.855733,0.214453,-0.5017614,2.825948,-0.05899313,-0.3049441,2.883252,-0.09337085,-0.712127,2.903636,-0.121755,-1.083613,2.939133,-0.1407363,-1.163454,2.903919,0.0872999,-0.3022424,2.91085,0.1176276,-0.696306,2.89519,0.1358538,-1.061579,2.937059,0.1404966,-1.125834,2.909734,
7/24/2024 1:16:19 PM,3,0.01206961,-0.2306785,2.910161,0.004966968,-0.1702284,2.966326,0.001194993,0.1859942,2.971316,0.009264126,0.3642969,2.902617,-0.157636,0.07960583,2.941383,-0.2135745,-0.2048962,2.933045,-0.2108814,-0.4247438,2.849567,-0.2167541,-0.4771893,2.823541,0.167118,0.06779652,2.976131,0.2027317,-0.1924301,2.94848,0.2161008,-0.4087729,2.855902,0.215746,-0.5013523,2.828955,-0.05897921,-0.3053536,2.883492,-0.09383202,-0.7113762,2.903102,-0.1217181,-1.083662,2.939114,-0.1398853,-1.161874,2.903973,0.08709922,-0.3023162,2.910971,0.1172103,-0.6976371,2.895445,0.1364493,-1.059919,2.93552,0.1354824,-1.123421,2.906828,
7/24/2024 1:16:19 PM,3,0.01212398,-0.2309665,2.910372,0.004984512,-0.1706419,2.966613,0.001037801,0.1855247,2.972509,0.008855709,0.3612043,2.89912,-0.1575615,0.07956009,2.941513,-0.2140685,-0.2031821,2.933221,-0.212338,-0.423309,2.850606,-0.2168137,-0.4773166,2.823463,0.1669895,0.0677605,2.976187,0.2026395,-0.1834489,2.950901,0.215969,-0.4002286,2.85953,0.2156464,-0.5008998,2.829176,-0.05876825,-0.3057062,2.883786,-0.09423646,-0.7119491,2.903734,-0.1215606,-1.083806,2.93927,-0.1416883,-1.160902,2.911109,0.08708841,-0.302337,2.910989,0.1166995,-0.6987202,2.895944,0.1374023,-1.067138,2.939397,0.1361128,-1.135767,2.91556,
7/24/2024 1:16:19 PM,3,0.01249203,-0.2309808,2.910515,0.005298122,-0.1706341,2.966708,0.001482377,0.1853194,2.972292,0.00912753,0.3613594,2.899021,-0.156933,0.07928706,2.941343,-0.2133565,-0.2024041,2.933388,-0.2208913,-0.4254012,2.861174,-0.2274292,-0.5018016,2.829542,0.1667181,0.06861787,2.976179,0.2031709,-0.1829652,2.951383,0.2159426,-0.3996689,2.859738,0.2150127,-0.5001662,2.828679,-0.05804465,-0.3054653,2.884133,-0.09444328,-0.7117775,2.903711,-0.1217288,-1.082611,2.939171,-0.1371294,-1.157253,2.900098,0.08723751,-0.3022723,2.911096,0.1168183,-0.6993935,2.895577,0.1373273,-1.067316,2.939191,0.1357015,-1.135371,2.915165,
7/24/2024 1:16:19 PM,3,0.0125011,-0.2310101,2.910642,0.005328089,-0.1706997,2.966872,0.001761775,0.1851971,2.972706,0.00837326,0.3620905,2.900307,-0.1565837,0.07907583,2.941478,-0.2130331,-0.2019363,2.932687,-0.2138708,-0.4214234,2.848298,-0.2157749,-0.4835482,2.832917,0.166691,0.06861454,2.976279,0.201705,-0.1794423,2.953042,0.2157421,-0.3963088,2.860951,0.2155179,-0.4997289,2.828811,-0.05801984,-0.3054293,2.884594,-0.09470773,-0.7120643,2.904303,-0.1210546,-1.083624,2.939072,-0.1379245,-1.157618,2.899304,0.08719137,-0.3022183,2.911075,0.1168283,-0.701002,2.895545,0.1377655,-1.068711,2.938539,0.1358944,-1.140187,2.919081,
7/24/2024 1:16:19 PM,3,0.01275724,-0.230941,2.911027,0.005476858,-0.1706089,2.967141,0.001727645,0.1851935,2.972694,0.009135615,0.3609574,2.898219,-0.156181,0.07910453,2.941561,-0.2129752,-0.2012548,2.93238,-0.2132756,-0.4212731,2.84965,-0.2166988,-0.4799286,2.834386,0.1669406,0.06853057,2.976296,0.202907,-0.1851718,2.950146,0.2162368,-0.4017849,2.858535,0.2159306,-0.4988809,2.828548,-0.05754367,-0.3051891,2.88528,-0.09482328,-0.7117857,2.904324,-0.1209894,-1.081124,2.93769,-0.1377881,-1.1578,2.899661,0.08742313,-0.3021909,2.911385,0.1170858,-0.701174,2.895197,0.1372523,-1.06766,2.937603,0.1452428,-1.099979,2.862956,
7/24/2024 1:16:19 PM,3,0.01283702,-0.2308232,2.911286,0.005630855,-0.1704823,2.967439,0.00184838,0.1853219,2.973009,0.00925103,0.3618109,2.899313,-0.1558801,0.07916147,2.94221,-0.2134725,-0.2009844,2.933185,-0.2138955,-0.4210638,2.850627,-0.215943,-0.4710037,2.833084,0.166784,0.06857385,2.976412,0.2031685,-0.1857731,2.950005,0.2162741,-0.4023148,2.85814,0.2154211,-0.4986795,2.81958,-0.0574071,-0.3049264,2.885577,-0.09476302,-0.7117795,2.904325,-0.1213197,-1.078608,2.937094,-0.1368145,-1.156013,2.898917,0.08741034,-0.3019849,2.911614,0.1164816,-0.7049428,2.896393,0.1370978,-1.06739,2.937852,0.1449799,-1.099709,2.863189,
7/24/2024 1:16:19 PM,3,0.01313663,-0.2313147,2.91161,0.005877491,-0.1709093,2.967785,0.001878945,0.1851153,2.973414,0.01087563,0.3622995,2.900621,-0.1550718,0.07903121,2.942533,-0.2137319,-0.2017655,2.933661,-0.2165547,-0.4224897,2.853199,-0.2160255,-0.471253,2.83263,0.1668697,0.06824017,2.976532,0.2032887,-0.1859968,2.950114,0.2156284,-0.4021278,2.856959,0.216336,-0.5020144,2.817079,-0.05709473,-0.3052692,2.885834,-0.09484583,-0.7118561,2.90427,-0.1212967,-1.078843,2.937218,-0.1354104,-1.155333,2.900574,0.08761796,-0.302223,2.911818,0.1165417,-0.7046946,2.896178,0.1370781,-1.067593,2.937789,0.1449382,-1.099897,2.863152,
7/24/2024 1:16:19 PM,3,0.01285827,-0.231845,2.911635,0.005485482,-0.1716852,2.967821,0.0006222697,0.1829153,2.973485,0.01527591,0.3621236,2.904267,-0.1549132,0.07872174,2.942591,-0.2140346,-0.2026771,2.934899,-0.2164105,-0.4231895,2.853623,-0.2145273,-0.4729427,2.832165,0.1670275,0.06807914,2.976555,0.2036992,-0.186702,2.950191,0.2157033,-0.4027522,2.856678,0.213559,-0.5081158,2.816787,-0.05731746,-0.3056303,2.885885,-0.09485566,-0.7117952,2.90431,-0.1212289,-1.079043,2.937477,-0.1364527,-1.156209,2.899356,0.08739243,-0.3028781,2.911697,0.1166746,-0.7055476,2.897944,0.1375355,-1.066109,2.939532,0.1364356,-1.142794,2.916696,
7/24/2024 1:16:19 PM,3,0.01240193,-0.2310147,2.912137,0.006461558,-0.1712352,2.968317,0.001101306,0.1823156,2.973797,0.01494368,0.3620422,2.904842,-0.1623667,0.08555917,2.951277,-0.2140871,-0.2023679,2.935209,-0.2161757,-0.4255936,2.863154,-0.2132085,-0.472393,2.833058,0.1669758,0.06804626,2.976578,0.2034531,-0.1872445,2.950655,0.2157044,-0.4031199,2.85648,0.2131638,-0.5085037,2.81628,-0.05812787,-0.305162,2.886295,-0.09445381,-0.7115996,2.903872,-0.1213993,-1.078194,2.937591,-0.1361478,-1.156276,2.899922,0.08714423,-0.3026769,2.911871,0.116961,-0.7064919,2.897671,0.1372539,-1.065286,2.939835,0.1365115,-1.14249,2.916588,
7/24/2024 1:16:19 PM,3,0.01279034,-0.2314796,2.912125,0.006794926,-0.1718006,2.968335,0.00213837,0.1811224,2.974007,0.01608055,0.3629572,2.908203,-0.1603805,0.08270414,2.950722,-0.2139107,-0.2029584,2.935603,-0.2154536,-0.4260719,2.862837,-0.2135079,-0.4717605,2.8324,0.1670133,0.06768002,2.977017,0.2040638,-0.1887088,2.950178,0.2127289,-0.4584462,2.817605,0.209071,-0.5410422,2.811694,-0.05782327,-0.305641,2.886292,-0.09395298,-0.7124676,2.904042,-0.1228775,-1.090919,2.941749,-0.1167089,-1.12319,2.86694,0.08740964,-0.3028983,2.911789,0.1172636,-0.7037468,2.896774,0.1373083,-1.06528,2.940018,0.1434769,-1.097551,2.86521,
7/24/2024 1:16:19 PM,3,0.01318177,-0.2331084,2.912112,0.007024795,-0.1730893,2.968442,0.002780193,0.1808375,2.974545,0.01670887,0.3628873,2.908816,-0.1576404,0.08120471,2.949512,-0.2146519,-0.2024415,2.936991,-0.214042,-0.4249689,2.861975,-0.2136845,-0.4726609,2.836435,0.1660422,0.06528346,2.976456,0.2040356,-0.1874242,2.951445,0.2137017,-0.4007302,2.850153,0.2093757,-0.5020026,2.815924,-0.05730106,-0.307018,2.886228,-0.09362136,-0.7129737,2.904346,-0.1223218,-1.086517,2.940167,-0.1310569,-1.15631,2.908183,0.08740038,-0.3033487,2.911764,0.1172559,-0.7039582,2.897025,0.1374035,-1.065264,2.939439,0.1336097,-1.141359,2.912133,
7/24/2024 1:16:19 PM,3,0.01415246,-0.233184,2.912448,0.007642682,-0.173119,2.968727,0.002902514,0.1808758,2.974618,0.01603949,0.3639794,2.910349,-0.1571511,0.08100934,2.948911,-0.2126259,-0.1763073,2.942477,-0.2285511,-0.3973071,2.864941,-0.226195,-0.4715211,2.82792,0.1660957,0.06548464,2.976816,0.2040412,-0.1874344,2.951454,0.2138705,-0.4005619,2.85036,0.2138245,-0.5066377,2.813639,-0.05607889,-0.3072211,2.88597,-0.0944005,-0.7145035,2.903432,-0.1220645,-1.086519,2.940182,-0.1318596,-1.155962,2.907381,0.08882572,-0.303564,2.91299,0.1173165,-0.7040217,2.89726,0.1377562,-1.066389,2.94133,0.1340658,-1.143179,2.912166,
7/24/2024 1:16:19 PM,3,0.01396721,-0.2336082,2.912733,0.007365936,-0.1736984,2.969113,0.002882417,0.1802883,2.975906,0.02148549,0.3585979,2.90418,-0.1564742,0.07851477,2.947942,-0.2138735,-0.1892271,2.941879,-0.2104027,-0.4126253,2.871573,-0.222055,-0.4700346,2.855396,0.1660856,0.06539799,2.976907,0.2038022,-0.1878699,2.950988,0.2140233,-0.401026,2.850295,0.2132771,-0.5069321,2.812614,-0.05621146,-0.3075223,2.886204,-0.09459695,-0.7142627,2.903696,-0.1221372,-1.086298,2.939832,-0.1348511,-1.159255,2.907383,0.08849789,-0.3039621,2.913084,0.1171016,-0.705035,2.899611,0.1375282,-1.067579,2.941165,0.136082,-1.143528,2.912468,
7/24/2024 1:16:19 PM,3,0.01383755,-0.2341708,2.91276,0.00694911,-0.1744926,2.969142,0.002172585,0.1784417,2.976057,0.02223539,0.357149,2.905042,-0.1549805,0.07657732,2.946781,-0.2128131,-0.191454,2.939474,-0.2105816,-0.4149506,2.870138,-0.2180608,-0.4675676,2.847821,0.1660833,0.06514325,2.977364,0.2045444,-0.1824838,2.953887,0.2150789,-0.3984986,2.851684,0.2113457,-0.5046787,2.814484,-0.05623389,-0.3078955,2.886146,-0.09400146,-0.7141072,2.903826,-0.1221798,-1.086085,2.939781,-0.1407872,-1.161825,2.909824,0.08832682,-0.3043561,2.913134,0.1170985,-0.7044425,2.899811,0.1371378,-1.065507,2.942005,0.1360193,-1.140149,2.916327,
7/24/2024 1:16:19 PM,3,0.0132598,-0.2340817,2.913052,0.006512467,-0.1743669,2.969405,0.002065871,0.1785571,2.97611,0.009368005,0.3575145,2.90375,-0.155126,0.07662113,2.946994,-0.2116843,-0.2006421,2.941498,-0.2103195,-0.4225781,2.866344,-0.2165316,-0.4700129,2.846497,0.1660428,0.06518866,2.977329,0.2042338,-0.1870409,2.951127,0.2150861,-0.4003578,2.851406,0.2123756,-0.506601,2.813697,-0.05721999,-0.3076338,2.887143,-0.09396802,-0.7138087,2.904025,-0.1218814,-1.085215,2.939986,-0.1398617,-1.159817,2.90854,0.08767323,-0.3043546,2.913057,0.116865,-0.7044308,2.90006,0.1375421,-1.067549,2.942805,0.1362346,-1.142581,2.916619,
7/24/2024 1:16:19 PM,3,0.01347931,-0.2339792,2.913286,0.006721416,-0.1742558,2.969656,0.00239705,0.1787805,2.976393,0.01073416,0.3587157,2.905514,-0.1548149,0.07703564,2.94685,-0.2122456,-0.201995,2.940758,-0.2109059,-0.4236762,2.864673,-0.2162679,-0.467386,2.841884,0.1661261,0.0650951,2.977237,0.2040269,-0.1892157,2.949318,0.2153951,-0.4030705,2.850992,0.2141528,-0.5099813,2.814601,-0.05694872,-0.3075333,2.887342,-0.09415078,-0.7126294,2.903124,-0.1208469,-1.083518,2.938002,-0.135957,-1.155079,2.905544,0.08780004,-0.3042609,2.91324,0.1159,-0.7025491,2.900243,0.1388166,-1.064125,2.944965,0.1360963,-1.141127,2.917361,
7/24/2024 1:16:19 PM,3,0.01350629,-0.2326671,2.913934,0.007577914,-0.1733956,2.970055,0.001823862,0.1783275,2.975569,0.008275989,0.3551707,2.899375,-0.1619976,0.0818135,2.953745,-0.2126993,-0.2006994,2.940399,-0.2115316,-0.4221302,2.863616,-0.2139517,-0.467583,2.846664,0.1662049,0.06512327,2.977729,0.2058868,-0.1810475,2.954646,0.2154224,-0.3959996,2.854355,0.211925,-0.5025918,2.816721,-0.05706723,-0.3069963,2.88802,-0.09426896,-0.712688,2.903456,-0.1208989,-1.082714,2.938542,-0.1151928,-1.115004,2.863634,0.08814301,-0.3038451,2.913591,0.116203,-0.7027857,2.900416,0.1392463,-1.065382,2.944375,0.1359652,-1.140334,2.915058,
7/24/2024 1:16:19 PM,3,0.01344474,-0.232824,2.914103,0.007211311,-0.1734584,2.970177,0.001585085,0.1785407,2.97565,0.007248753,0.3591547,2.905109,-0.1593027,0.07911036,2.952216,-0.2123072,-0.2008408,2.938202,-0.2108483,-0.4229169,2.863905,-0.210862,-0.4697126,2.844899,0.1664101,0.06518904,2.978441,0.2064026,-0.1829383,2.954902,0.2153937,-0.3958655,2.854258,0.21179,-0.5025555,2.816384,-0.057078,-0.3071587,2.888269,-0.0932126,-0.713043,2.904738,-0.1208902,-1.083241,2.939137,-0.1147459,-1.115534,2.864276,0.08808979,-0.3038936,2.91373,0.1163468,-0.7026625,2.900393,0.1387336,-1.062743,2.942979,0.1375712,-1.130767,2.915025,
7/24/2024 1:16:19 PM,3,0.01369722,-0.2333803,2.914504,0.007029763,-0.173677,2.970414,0.001195289,0.1788412,2.975594,0.00947255,0.3606104,2.90691,-0.1573735,0.07791037,2.95112,-0.2125246,-0.1988827,2.936624,-0.2127084,-0.422043,2.866584,-0.2110281,-0.4698662,2.844746,0.1668798,0.06485974,2.979217,0.2072302,-0.1863515,2.955526,0.2157492,-0.3987128,2.853577,0.2117807,-0.5042951,2.812324,-0.05668055,-0.3076354,2.888688,-0.0932657,-0.7130364,2.904757,-0.1213272,-1.083975,2.938933,-0.1453499,-1.163213,2.918332,0.0885184,-0.3045214,2.914438,0.1162151,-0.7027968,2.900447,0.1384245,-1.063721,2.943233,0.1374946,-1.135683,2.913608,
7/24/2024 1:16:19 PM,3,0.01368868,-0.233346,2.914697,0.006973577,-0.1735601,2.970609,0.001121596,0.179412,2.975681,0.01010936,0.3615744,2.907498,-0.157351,0.07785529,2.951156,-0.2133919,-0.1983482,2.937418,-0.2127524,-0.4213493,2.866964,-0.2110446,-0.4702348,2.844306,0.1669085,0.06501591,2.979572,0.2074441,-0.1852739,2.955195,0.2162887,-0.3985185,2.855566,0.2194772,-0.5031534,2.832343,-0.0566969,-0.3077141,2.889289,-0.0936281,-0.7140043,2.905293,-0.1214519,-1.084058,2.939543,-0.1407213,-1.163359,2.917482,0.08851758,-0.3044203,2.914505,0.1155018,-0.7023097,2.900646,0.1378268,-1.06476,2.9423,0.137316,-1.140294,2.914648,
7/24/2024 1:16:19 PM,3,0.01336869,-0.2323171,2.915491,0.007836652,-0.1724941,2.971697,0.001846,0.1812689,2.977752,0.01076983,0.3669087,2.919297,-0.1611331,0.08599602,2.959461,-0.214074,-0.1975498,2.9381,-0.2121427,-0.4204682,2.867238,-0.2092955,-0.469718,2.84329,0.1669741,0.06525013,2.979569,0.2070971,-0.1881814,2.954619,0.2165569,-0.4021587,2.856815,0.2144729,-0.5027058,2.826016,-0.05730699,-0.3072038,2.889843,-0.09366097,-0.7139942,2.905361,-0.1217612,-1.083858,2.939566,-0.1375683,-1.159805,2.915741,0.08836893,-0.3038283,2.914874,0.1157025,-0.7012843,2.90135,0.1381591,-1.064511,2.942376,0.1353531,-1.131322,2.923774,
7/24/2024 1:16:20 PM,3,0.01332345,-0.2333671,2.915953,0.006734459,-0.1737939,2.972144,0.00166754,0.1789034,2.978499,0.02744666,0.3579948,2.911037,-0.1553384,0.07723019,2.952503,-0.214168,-0.1993592,2.937968,-0.2108448,-0.4221823,2.867027,-0.2095635,-0.4693533,2.842631,0.1673064,0.06435403,2.980629,0.2058631,-0.1838131,2.955537,0.2162101,-0.3981934,2.859025,0.213905,-0.5024762,2.826013,-0.0572334,-0.307849,2.890074,-0.09350053,-0.7140023,2.907173,-0.1218015,-1.083813,2.938932,-0.1355854,-1.154963,2.908386,0.08819048,-0.3045221,2.915383,0.1154017,-0.6994707,2.901393,0.1380835,-1.063746,2.94229,0.1446599,-1.095889,2.867764,
7/24/2024 1:16:20 PM,3,0.01369173,-0.233559,2.916294,0.006538304,-0.173932,2.972327,0.001337791,0.1784804,2.97829,0.01871262,0.3614113,2.915519,-0.1539821,0.07688292,2.950247,-0.2140526,-0.200589,2.938218,-0.2100483,-0.4223472,2.863406,-0.2095738,-0.4678102,2.84096,0.1674944,0.0644374,2.98106,0.2054684,-0.1878368,2.95385,0.2164989,-0.4021299,2.857251,0.2145745,-0.5034301,2.826242,-0.05669336,-0.30804,2.890168,-0.09414629,-0.7132595,2.907,-0.1210503,-1.080985,2.938631,-0.1344589,-1.154999,2.90625,0.08889312,-0.3046379,2.916612,0.1143579,-0.6973689,2.901498,0.1380351,-1.061804,2.94348,0.145212,-1.093883,2.869206,
7/24/2024 1:16:20 PM,3,0.01533638,-0.2335277,2.917019,0.007796134,-0.173873,2.973093,0.001591189,0.1787321,2.979078,0.0163089,0.3602934,2.913301,-0.1538603,0.07686599,2.950289,-0.214691,-0.1986428,2.937031,-0.2095613,-0.4218836,2.868038,-0.2036246,-0.4538873,2.830199,0.167356,0.06443039,2.981688,0.2054828,-0.1887599,2.953051,0.217551,-0.4035555,2.85797,0.2165189,-0.5046847,2.827026,-0.05454002,-0.3077099,2.890694,-0.09338708,-0.7136006,2.907105,-0.1217376,-1.076924,2.937174,-0.1360494,-1.156722,2.903642,0.09067592,-0.3043803,2.917441,0.1148008,-0.6978109,2.901391,0.1376396,-1.063568,2.944662,0.144957,-1.095643,2.870401,
7/24/2024 1:16:20 PM,3,0.01549562,-0.2330231,2.91732,0.008630859,-0.1735114,2.973599,0.001965383,0.1792049,2.980755,0.01436683,0.3581044,2.910025,-0.1571083,0.08399937,2.955225,-0.2143257,-0.1996289,2.936254,-0.2101917,-0.4234312,2.869244,-0.20417,-0.4602758,2.834939,0.1662663,0.06548431,2.981441,0.2056443,-0.1908581,2.953701,0.2180656,-0.4055936,2.858361,0.2159227,-0.5057685,2.827812,-0.0543395,-0.306987,2.890929,-0.09361876,-0.7125763,2.906356,-0.1227494,-1.076302,2.937066,-0.1373516,-1.156298,2.901544,0.09071212,-0.3040929,2.917493,0.1148695,-0.6977361,2.901422,0.1377045,-1.063599,2.944608,0.144064,-1.095628,2.870247,
7/24/2024 1:16:20 PM,3,0.01513886,-0.2334194,2.917342,0.007630819,-0.1746117,2.973437,-0.004819532,0.164712,2.97574,0.0008351388,0.3337864,2.891991,-0.153681,0.06101887,2.949338,-0.2141712,-0.1993069,2.936702,-0.2095379,-0.4217274,2.864661,-0.2063067,-0.4676849,2.836967,0.1647459,0.06336797,2.980151,0.2056589,-0.1910105,2.953889,0.2185199,-0.4061968,2.860106,0.2161966,-0.5049161,2.827907,-0.05392465,-0.3073215,2.890288,-0.09362894,-0.712258,2.906229,-0.1223561,-1.07695,2.937049,-0.1375093,-1.155148,2.90048,0.08911863,-0.3048149,2.91891,0.1150664,-0.6980504,2.901953,0.1391254,-1.063921,2.945287,0.137916,-1.133356,2.926461,
7/24/2024 1:16:20 PM,3,0.01294822,-0.2347217,2.917667,0.006813481,-0.1762185,2.973579,-0.005627861,0.1630257,2.974719,0.0003621774,0.3325763,2.891246,-0.1689287,0.06787886,2.960391,-0.2108234,-0.2097443,2.937083,-0.2109219,-0.4313945,2.862166,-0.2104671,-0.4750017,2.846696,0.1647149,0.06054669,2.981452,0.2056984,-0.1904532,2.95406,0.2185653,-0.4060416,2.861477,0.2158919,-0.5010582,2.828978,-0.05843864,-0.3113812,2.891567,-0.09374662,-0.7126818,2.906765,-0.1219819,-1.074877,2.941296,-0.1174504,-1.106973,2.86688,0.08789094,-0.3065961,2.918762,0.1151166,-0.6979312,2.902015,0.1387696,-1.063357,2.94625,0.1433011,-1.095452,2.871834,
7/24/2024 1:16:20 PM,3,0.0131006,-0.2347731,2.917659,0.005382112,-0.1764836,2.973463,-0.003685043,0.1725291,2.979522,0.008432169,0.3462585,2.90496,-0.1597747,0.07123779,2.95087,-0.2103724,-0.2076667,2.937771,-0.2097611,-0.4286784,2.860816,-0.2117889,-0.468503,2.850671,0.1648715,0.06085884,2.98163,0.2039423,-0.1852189,2.957654,0.218655,-0.4004175,2.86451,0.2162138,-0.5016537,2.828844,-0.0578444,-0.3110524,2.891271,-0.09344183,-0.7126741,2.906581,-0.1220987,-1.07462,2.939883,-0.1441598,-1.157018,2.9019,0.08804496,-0.3065565,2.918758,0.1154322,-0.6982963,2.903018,0.1387308,-1.06331,2.944664,0.1368108,-1.129652,2.925736,
7/24/2024 1:16:20 PM,3,0.01317162,-0.2348863,2.917714,0.005512695,-0.1765185,2.973563,-0.002827071,0.1743923,2.980438,0.008615126,0.3469067,2.906361,-0.1583013,0.07356034,2.951755,-0.2111641,-0.2052073,2.938481,-0.2097791,-0.4272904,2.865549,-0.2120504,-0.4682065,2.85059,0.1648258,0.06180254,2.981908,0.2036766,-0.1863832,2.957484,0.2185644,-0.401603,2.864548,0.2161776,-0.4996136,2.831119,-0.05759611,-0.3109988,2.891578,-0.09399118,-0.7140996,2.907204,-0.1212386,-1.077188,2.939166,-0.1454994,-1.161147,2.906258,0.08807604,-0.3065002,2.918624,0.1156059,-0.698864,2.902886,0.1387734,-1.064789,2.945755,0.1370189,-1.130247,2.92393,
7/24/2024 1:16:20 PM,3,0.01281211,-0.2335722,2.918343,0.005860325,-0.1752015,2.974238,-0.002839966,0.1745798,2.980471,0.006388798,0.3453007,2.905798,-0.1646468,0.08059791,2.956669,-0.2110248,-0.2048164,2.938391,-0.2104314,-0.4270416,2.86576,-0.2116244,-0.4683721,2.850079,0.1648628,0.06184509,2.981888,0.2046195,-0.1949332,2.956904,0.2197873,-0.4094003,2.861853,0.2166523,-0.5015147,2.830512,-0.0579804,-0.3101471,2.891815,-0.09410929,-0.7140492,2.907253,-0.1208886,-1.081304,2.938778,-0.1507663,-1.166271,2.913762,0.08805501,-0.3060336,2.918972,0.1159606,-0.7001343,2.902865,0.1388026,-1.066102,2.946245,0.1377477,-1.138809,2.91988,
7/24/2024 1:16:20 PM,3,0.01287493,-0.2335666,2.91834,0.005759312,-0.1751028,2.974235,-0.002627762,0.1752481,2.980412,0.00558587,0.3457157,2.907493,-0.1611102,0.07892569,2.954858,-0.2109263,-0.2046606,2.938453,-0.2106485,-0.4272227,2.8669,-0.2121307,-0.4693101,2.850744,0.1647968,0.06257698,2.981532,0.204899,-0.1949428,2.956855,0.2195671,-0.409688,2.862306,0.2144222,-0.5037036,2.830527,-0.05760058,-0.3096809,2.891816,-0.09377988,-0.7130796,2.906724,-0.1219918,-1.081637,2.939411,-0.1366381,-1.155424,2.901057,0.08810342,-0.3059172,2.918999,0.1159123,-0.6983063,2.901512,0.1393073,-1.064248,2.94679,0.1378066,-1.138111,2.922528,
7/24/2024 1:16:20 PM,3,0.01292094,-0.2331816,2.918229,0.005830263,-0.1744925,2.974119,-0.00186922,0.1762657,2.980012,0.005026606,0.34501,2.906771,-0.1604087,0.07892144,2.954734,-0.2126399,-0.1992043,2.937092,-0.2092562,-0.4208065,2.86201,-0.2121564,-0.5004615,2.834901,0.165337,0.06279362,2.981915,0.2050161,-0.1949037,2.956757,0.2192663,-0.4099041,2.862763,0.2154429,-0.5061345,2.82944,-0.05757099,-0.308961,2.891469,-0.09415006,-0.7131913,2.906916,-0.1211645,-1.087776,2.941982,-0.1147355,-1.119891,2.867504,0.08811279,-0.3054765,2.918977,0.1159299,-0.6999345,2.902051,0.1384447,-1.068264,2.946868,0.1371078,-1.140814,2.922884,
7/24/2024 1:16:20 PM,3,0.01222834,-0.2308669,2.918545,0.006982575,-0.1725812,2.974566,-0.001819584,0.1763485,2.980033,0.004486294,0.3437999,2.907136,-0.1693745,0.08461826,2.96635,-0.2123945,-0.1971216,2.937475,-0.2115942,-0.4182727,2.860583,-0.2142331,-0.4645539,2.840638,0.1648128,0.06422614,2.982417,0.2048225,-0.1942582,2.955399,0.2192124,-0.4113613,2.867174,0.2161774,-0.5173873,2.825518,-0.05884244,-0.3069479,2.892013,-0.09416674,-0.7134824,2.907105,-0.1208288,-1.095597,2.940551,-0.1168595,-1.127665,2.86597,0.08790468,-0.3040739,2.918667,0.1158492,-0.6992795,2.901973,0.1379129,-1.068164,2.946819,0.1370734,-1.134064,2.926094,
7/24/2024 1:16:20 PM,3,0.01205386,-0.2297231,2.918517,0.00667231,-0.1707757,2.974533,-0.003638078,0.1803856,2.979271,-0.002532,0.3495586,2.90824,-0.1697398,0.08511909,2.966175,-0.2148768,-0.1965869,2.938592,-0.2108477,-0.4178238,2.862136,-0.2136875,-0.4621029,2.84301,0.1640692,0.06627913,2.9822,0.2044877,-0.1860926,2.959976,0.2186297,-0.4026427,2.87013,0.2144433,-0.5084955,2.828007,-0.05893223,-0.3061985,2.89204,-0.09414054,-0.713402,2.906954,-0.1213111,-1.091369,2.937657,-0.1174237,-1.12345,2.863131,0.08802318,-0.3027215,2.918583,0.1162881,-0.6987067,2.901951,0.138665,-1.066075,2.946229,0.1374238,-1.133735,2.928296,
7/24/2024 1:16:20 PM,3,0.01192333,-0.2301562,2.918412,0.005561448,-0.1710076,2.974411,-0.003621351,0.1804393,2.979325,-0.001230932,0.3502178,2.911434,-0.164466,0.08217132,2.958956,-0.214894,-0.1967958,2.938398,-0.2118581,-0.418129,2.862395,-0.2137499,-0.4623368,2.842144,0.1639147,0.06632539,2.982212,0.2042167,-0.1812852,2.959777,0.218176,-0.3981082,2.870816,0.2137688,-0.5041189,2.828969,-0.05892782,-0.3064364,2.89193,-0.09403722,-0.7130889,2.906233,-0.1210662,-1.091119,2.938429,-0.1459436,-1.16769,2.916131,0.08784465,-0.3027118,2.918536,0.1162007,-0.6981121,2.901765,0.137684,-1.066185,2.944609,0.1368455,-1.135128,2.925234,
7/24/2024 1:16:20 PM,3,0.01191545,-0.2302164,2.918434,0.005109829,-0.1710541,2.97439,-0.003442916,0.1805717,2.979538,-0.001272365,0.3511458,2.915092,-0.1614032,0.0787701,2.955723,-0.21572,-0.1982811,2.938418,-0.2135247,-0.4221118,2.872194,-0.2150622,-0.4667239,2.845974,0.1642406,0.06626276,2.982432,0.2042103,-0.1818588,2.959526,0.2181921,-0.3986431,2.870601,0.2158024,-0.4924299,2.837661,-0.05890779,-0.3064369,2.89196,-0.09316088,-0.7130241,2.907826,-0.1211314,-1.090562,2.938644,-0.1444829,-1.166328,2.91498,0.08778705,-0.30269,2.918526,0.1162221,-0.6981306,2.901768,0.1373219,-1.0661,2.944864,0.1434694,-1.098143,2.870593,
7/24/2024 1:16:20 PM,3,0.01201486,-0.2331056,2.918573,0.005282394,-0.1741377,2.974733,-0.002627056,0.1765205,2.981263,0.001445037,0.3468792,2.916086,-0.1597668,0.07354859,2.954805,-0.2157654,-0.1980921,2.938576,-0.2133849,-0.4216727,2.871626,-0.2157839,-0.465336,2.841407,0.1642742,0.06540493,2.982158,0.204596,-0.1821569,2.9591,0.2179594,-0.3984993,2.869027,0.2085268,-0.500169,2.825916,-0.05854481,-0.3090327,2.891915,-0.09316631,-0.7131818,2.90757,-0.1212767,-1.084644,2.938887,-0.1368647,-1.160115,2.906312,0.08758915,-0.3039991,2.918478,0.1161199,-0.6983349,2.90178,0.1370523,-1.065851,2.944607,0.135824,-1.135476,2.923108,
7/24/2024 1:16:20 PM,3,0.0119722,-0.2331294,2.918586,0.005202122,-0.1741224,2.974736,-0.003261034,0.176484,2.980906,-0.007043606,0.3508544,2.922091,-0.1598946,0.07339092,2.954763,-0.2156239,-0.1968574,2.936827,-0.2134773,-0.4206946,2.871271,-0.2160258,-0.463559,2.839644,0.1631141,0.0672178,2.982378,0.2044488,-0.181421,2.959613,0.2099789,-0.4544485,2.827636,0.2061685,-0.5364103,2.80951,-0.05850747,-0.3090388,2.892073,-0.09300725,-0.7135534,2.907711,-0.121778,-1.084357,2.93861,-0.1373059,-1.160566,2.906494,0.08750376,-0.3039114,2.918462,0.1161249,-0.6982992,2.901748,0.1371867,-1.0653,2.944699,0.1359549,-1.134097,2.92339,
7/24/2024 1:16:20 PM,3,0.01176389,-0.2334352,2.918679,0.004907362,-0.1744076,2.974744,-0.004185416,0.1743675,2.979308,-0.006498269,0.3499774,2.922234,-0.1598404,0.07337731,2.954742,-0.2158365,-0.1965115,2.936859,-0.2170783,-0.4179891,2.862281,-0.2166024,-0.464199,2.839628,0.1630905,0.06724437,2.982483,0.2055195,-0.1833538,2.958522,0.2183916,-0.4029087,2.86525,0.2072963,-0.5040266,2.81443,-0.05859839,-0.3094343,2.892493,-0.09292717,-0.7139716,2.908239,-0.1220445,-1.086603,2.944216,-0.1368476,-1.160417,2.907024,0.08731163,-0.3039621,2.918507,0.1169571,-0.7016056,2.90391,0.1372188,-1.065411,2.944699,0.1357907,-1.1357,2.919384,
7/24/2024 1:16:20 PM,3,0.01157515,-0.2331738,2.918908,0.004540796,-0.1741489,2.974963,-0.003941881,0.1749602,2.979841,-0.0050008,0.3515666,2.924134,-0.1597918,0.07339342,2.954709,-0.2155143,-0.1971879,2.937299,-0.2132116,-0.4162366,2.854868,-0.2100284,-0.4720442,2.827389,0.1631758,0.06766555,2.984019,0.2034454,-0.1777653,2.96347,0.2182734,-0.4028238,2.86525,0.2072162,-0.5040289,2.814468,-0.05879338,-0.3089299,2.892925,-0.09355579,-0.7135991,2.908699,-0.1223042,-1.077774,2.944088,-0.1381504,-1.160003,2.905189,0.08693536,-0.3035532,2.918646,0.116188,-0.7015215,2.904547,0.1371366,-1.0649,2.944413,0.1360534,-1.136434,2.916577,
7/24/2024 1:16:20 PM,3,0.01163442,-0.2322327,2.91947,0.004560606,-0.1729758,2.975628,-0.002363699,0.1785545,2.981598,-0.003764416,0.3610626,2.940725,-0.1596201,0.07467616,2.954767,-0.2148694,-0.1967351,2.937095,-0.2130937,-0.416,2.855498,-0.2129176,-0.4753456,2.830128,0.1637022,0.06845719,2.985151,0.2049373,-0.1840457,2.961449,0.2180682,-0.4024863,2.86523,0.2079064,-0.5053676,2.817521,-0.058771,-0.3079738,2.89321,-0.09255732,-0.7143933,2.911846,-0.1236758,-1.086092,2.944909,-0.1331711,-1.162028,2.912337,0.08684324,-0.3027357,2.919344,0.1180443,-0.7027361,2.908143,0.1361767,-1.062677,2.942898,0.136424,-1.131452,2.916218,
7/24/2024 1:16:20 PM,3,0.01124518,-0.2318902,2.91965,0.004029217,-0.1724049,2.975832,-0.003010431,0.1808656,2.982015,-0.002772191,0.361336,2.939613,-0.1596411,0.07708731,2.954801,-0.2147869,-0.1950344,2.937212,-0.2120741,-0.4145915,2.856568,-0.213192,-0.4753393,2.836502,0.1639895,0.06866716,2.985451,0.2048222,-0.1918702,2.960002,0.2175941,-0.406092,2.864872,0.2088767,-0.5091723,2.817049,-0.05917071,-0.3076955,2.893219,-0.09169715,-0.7146785,2.912478,-0.1238559,-1.085054,2.944182,-0.1334123,-1.162069,2.912508,0.08647006,-0.3024659,2.919667,0.1179925,-0.7025064,2.908224,0.1367218,-1.062134,2.943449,0.1436209,-1.094096,2.869387,
7/24/2024 1:16:20 PM,3,0.01121539,-0.2318878,2.920014,0.003681159,-0.1723319,2.976129,-0.00314521,0.1810652,2.982226,-0.002750382,0.3619712,2.943288,-0.1590214,0.07667014,2.953485,-0.2143376,-0.1965625,2.936287,-0.2112046,-0.4163759,2.856734,-0.2119187,-0.4728283,2.833991,0.164616,0.0695112,2.986406,0.2041475,-0.1773622,2.961334,0.2172516,-0.4004816,2.867082,0.2084481,-0.5035135,2.818966,-0.05916319,-0.3077442,2.893511,-0.09176418,-0.7147373,2.914019,-0.1233821,-1.082974,2.946153,-0.1320595,-1.15969,2.910445,0.08645791,-0.3023514,2.920196,0.1179824,-0.7025679,2.908348,0.1362268,-1.06611,2.944806,0.1435846,-1.098081,2.870788,
7/24/2024 1:16:20 PM,3,0.01130547,-0.231531,2.920579,0.003752807,-0.1717549,2.976728,-0.001912377,0.1830628,2.983052,-0.004331223,0.3640814,2.94671,-0.1581505,0.07817831,2.95329,-0.2140831,-0.1959578,2.936869,-0.2110018,-0.4162106,2.859001,-0.2080039,-0.4757313,2.83839,0.1648711,0.06990431,2.98685,0.2039306,-0.1772233,2.962057,0.2166167,-0.4008405,2.868708,0.2089504,-0.5039661,2.820383,-0.0591299,-0.3073722,2.893962,-0.09064057,-0.7137638,2.913689,-0.1230172,-1.081878,2.945616,-0.1308288,-1.158677,2.908666,0.08641404,-0.301785,2.921082,0.117938,-0.7024064,2.90829,0.1365312,-1.061713,2.944722,0.1402839,-1.12673,2.91947,
7/24/2024 1:16:20 PM,3,0.01238794,-0.2329822,2.921645,0.005038676,-0.1733758,2.977682,0.0005120339,0.1787326,2.983084,0.0158574,0.3528722,2.932843,-0.1582891,0.07800898,2.95338,-0.214632,-0.1956607,2.938722,-0.2098307,-0.4163839,2.862805,-0.2091402,-0.4679063,2.844338,0.1642614,0.06672251,2.986004,0.202794,-0.1802893,2.963321,0.2168321,-0.4003102,2.869604,0.214873,-0.5093035,2.835528,-0.05820078,-0.3085325,2.895305,-0.09064386,-0.713931,2.914242,-0.1232941,-1.082099,2.944538,-0.1341403,-1.158582,2.906182,0.08744203,-0.3032774,2.92202,0.1180159,-0.7024418,2.9083,0.1376026,-1.060335,2.9461,0.1401261,-1.126527,2.920248,
7/24/2024 1:16:20 PM,3,0.01261647,-0.2324218,2.92244,0.005360267,-0.1727328,2.97846,0.0008158657,0.179611,2.983748,-0.01150083,0.360272,2.949004,-0.1587642,0.07755166,2.954729,-0.2144659,-0.1963452,2.939435,-0.2093125,-0.4169864,2.863428,-0.209007,-0.4680578,2.843508,0.1645229,0.06696457,2.98717,0.2032428,-0.1823426,2.963646,0.216545,-0.4003483,2.869578,0.2141813,-0.509738,2.836608,-0.05803327,-0.3080676,2.896299,-0.09007987,-0.7147729,2.915795,-0.1232822,-1.080662,2.944418,-0.1450049,-1.164468,2.91361,0.08765288,-0.3027993,2.922564,0.1183174,-0.702648,2.909173,0.137736,-1.061908,2.94406,0.1374219,-1.135891,2.913272,
7/24/2024 1:16:20 PM,3,0.01298375,-0.2315447,2.923109,0.005665092,-0.1719667,2.979125,0.001833164,0.1800247,2.984697,-0.01094926,0.3587547,2.947648,-0.1587026,0.07749693,2.955142,-0.2127618,-0.1971137,2.942952,-0.2097342,-0.4180584,2.867977,-0.2094687,-0.4979413,2.84051,0.1643764,0.06783597,2.9889,0.2026667,-0.184425,2.963143,0.2170099,-0.4000692,2.870989,0.2137351,-0.5097672,2.839093,-0.05763713,-0.307005,2.896888,-0.08990358,-0.7147928,2.915907,-0.1230699,-1.080611,2.944968,-0.143971,-1.164687,2.913727,0.08778241,-0.3018842,2.923198,0.1186407,-0.6991273,2.908366,0.1377198,-1.061803,2.944244,0.1453819,-1.093798,2.870262,
7/24/2024 1:16:20 PM,3,0.0118354,-0.2314914,2.923856,0.00470069,-0.1717038,2.979781,0.001130727,0.180905,2.985072,-0.01270634,0.3579943,2.946551,-0.1593205,0.07704996,2.956328,-0.2134223,-0.1995895,2.945341,-0.2088874,-0.4203475,2.869789,-0.2074496,-0.4677854,2.848939,0.1639409,0.0686886,2.99015,0.2020432,-0.1861629,2.963222,0.2169723,-0.4010907,2.871084,0.213994,-0.5103648,2.837523,-0.05908123,-0.3069882,2.897856,-0.09093213,-0.7157665,2.916008,-0.1225939,-1.084124,2.94482,-0.1417311,-1.164758,2.913728,0.08655329,-0.3018137,2.923958,0.1179006,-0.7000933,2.908859,0.1381115,-1.062136,2.944248,0.1385682,-1.135117,2.921774,
7/24/2024 1:16:20 PM,3,0.01200248,-0.2298286,2.925509,0.005273744,-0.1696072,2.981565,0.002376508,0.1857891,2.987302,-0.01352036,0.3606089,2.946432,-0.1598357,0.07806915,2.958505,-0.2132542,-0.1989419,2.948125,-0.2104307,-0.4192384,2.870817,-0.207139,-0.4675936,2.848926,0.1637515,0.06988847,2.990612,0.2021481,-0.1865014,2.964452,0.2170161,-0.4014142,2.872228,0.2134308,-0.5106472,2.838244,-0.05888585,-0.3052215,2.899507,-0.09195909,-0.7158906,2.917046,-0.1233886,-1.081472,2.942759,-0.1373677,-1.157798,2.906945,0.08645618,-0.3003236,2.925654,0.1180083,-0.6999445,2.909335,0.1378253,-1.062488,2.944715,0.1383047,-1.135172,2.922351,
7/24/2024 1:16:20 PM,3,0.0121291,-0.2313525,2.926756,0.005383596,-0.1713421,2.982764,0.00237202,0.1823202,2.988304,0.009604124,0.3585203,2.948612,-0.1597853,0.07796518,2.95858,-0.2129787,-0.1984934,2.948203,-0.2099077,-0.4200113,2.875212,-0.2071335,-0.4668904,2.84963,0.1633699,0.06890447,2.990594,0.201808,-0.1891364,2.964691,0.2167489,-0.4039671,2.872208,0.2135184,-0.5130329,2.837295,-0.05865833,-0.3066859,2.900962,-0.0917924,-0.7165338,2.919121,-0.1236572,-1.078271,2.942286,-0.136728,-1.158229,2.907874,0.0864891,-0.301347,2.926636,0.1179753,-0.6996276,2.909303,0.1371366,-1.061451,2.944875,0.1381486,-1.134062,2.923437,
7/24/2024 1:16:20 PM,3,0.0121464,-0.231211,2.927619,0.005516745,-0.1711038,2.983653,0.002509133,0.1831742,2.989353,-0.006137972,0.3616465,2.954432,-0.1601494,0.07747202,2.959982,-0.2118813,-0.2000965,2.950023,-0.2101348,-0.4214725,2.876338,-0.209553,-0.4726331,2.857035,0.1631862,0.06939107,2.991585,0.2026061,-0.1904831,2.964272,0.2215915,-0.4594063,2.856305,0.2094685,-0.5391117,2.831085,-0.05861763,-0.306548,2.901624,-0.0923057,-0.7144105,2.919078,-0.1221121,-1.075028,2.944283,-0.1338774,-1.158019,2.903639,0.08641762,-0.3012982,2.927667,0.1181297,-0.6984943,2.909704,0.1374074,-1.061275,2.945081,0.1376444,-1.133855,2.922613,
7/24/2024 1:16:21 PM,3,0.012188,-0.2314617,2.928669,0.005552159,-0.1712644,2.98443,0.002246515,0.1826666,2.989331,-0.01021284,0.3618698,2.956094,-0.1601077,0.07724016,2.961234,-0.2117573,-0.1999842,2.949358,-0.2106565,-0.4240268,2.88659,-0.2090868,-0.4735125,2.860353,0.1634348,0.06955169,2.992602,0.2019939,-0.1799318,2.96697,0.2187192,-0.4062009,2.882843,0.2175683,-0.5154241,2.849877,-0.05860258,-0.3073935,2.903782,-0.09154465,-0.7146233,2.922086,-0.1221476,-1.076576,2.943563,-0.1361901,-1.160141,2.904682,0.08659252,-0.3012774,2.928454,0.1183662,-0.6999193,2.910752,0.1372979,-1.062885,2.945294,0.1389907,-1.13172,2.921371,
7/24/2024 1:16:21 PM,3,0.01254655,-0.2302327,2.930712,0.00592939,-0.1700821,2.986706,0.002128129,0.1843789,2.992692,-0.01146169,0.3630493,2.957721,-0.1608812,0.07756786,2.963762,-0.2113435,-0.2002798,2.949693,-0.2105666,-0.4240691,2.885929,-0.2091055,-0.4719519,2.859977,0.1635195,0.0705701,2.994908,0.2024292,-0.1772463,2.969879,0.2187542,-0.4062011,2.883225,0.2169548,-0.5148028,2.849385,-0.05839654,-0.3064794,2.904714,-0.09179688,-0.7208217,2.926252,-0.1223006,-1.080094,2.942173,-0.1153547,-1.112161,2.867956,0.08720434,-0.3004323,2.930887,0.1183389,-0.6985781,2.910887,0.1374114,-1.060347,2.945303,0.138858,-1.130799,2.921282,
7/24/2024 1:16:21 PM,3,0.01333753,-0.2327044,2.932611,0.006306313,-0.1721755,2.988244,0.001914207,0.1825628,2.992763,-0.004637561,0.3628063,2.960057,-0.160303,0.07680864,2.964071,-0.2091281,-0.2086767,2.955302,-0.2102843,-0.4309234,2.88516,-0.2082494,-0.4760618,2.872808,0.1634487,0.06950863,2.996477,0.2038559,-0.1750059,2.973605,0.2210779,-0.4601088,2.864337,0.2163788,-0.5411508,2.841704,-0.05732891,-0.3085271,2.907144,-0.09104853,-0.7204926,2.927069,-0.123048,-1.078725,2.942465,-0.1345628,-1.14965,2.904679,0.08806938,-0.3026818,2.93281,0.1181396,-0.6975456,2.91111,0.1390498,-1.054851,2.946882,0.1363068,-1.120552,2.923147,
7/24/2024 1:16:21 PM,3,0.01338553,-0.2328576,2.933716,0.00629703,-0.1723861,2.989274,0.001443095,0.181852,2.993376,-0.004460999,0.3619638,2.959497,-0.1599562,0.0763836,2.966049,-0.2100684,-0.1817699,2.968961,-0.2101815,-0.4025044,2.893716,-0.2070811,-0.4764887,2.869143,0.1637346,0.06883312,2.998275,0.203615,-0.1732136,2.981632,0.2190175,-0.4057424,2.888329,0.2186995,-0.5093359,2.85035,-0.05719903,-0.3085997,2.90856,-0.09157189,-0.7198951,2.927934,-0.1230973,-1.078412,2.942424,-0.1291301,-1.144489,2.910464,0.08822374,-0.3028366,2.933762,0.1181922,-0.6980527,2.912136,0.1399046,-1.058396,2.950375,0.1471331,-1.090561,2.876132,
7/24/2024 1:16:21 PM,3,0.01345214,-0.2331315,2.93447,0.006178692,-0.1727352,2.990099,0.001599638,0.1814679,2.994493,-0.003018697,0.3618045,2.960476,-0.1602954,0.07534395,2.96764,-0.2135679,-0.1873613,2.968271,-0.2081231,-0.4086168,2.895533,-0.2045833,-0.4643664,2.872685,0.1636904,0.0671711,3.001197,0.2028522,-0.1795894,2.978077,0.2188404,-0.4086606,2.889832,0.2192657,-0.5063102,2.853604,-0.05718562,-0.3087631,2.909043,-0.09209478,-0.7194352,2.928079,-0.1228239,-1.078429,2.942445,-0.1274587,-1.145705,2.909476,0.08832008,-0.3032744,2.934581,0.1179968,-0.6972407,2.913115,0.1399624,-1.058167,2.950148,0.1475036,-1.090291,2.876009,
7/24/2024 1:16:21 PM,3,0.01296395,-0.2343342,2.935637,0.005969932,-0.174621,2.991251,0.003079469,0.172847,2.994823,0.0006440193,0.3566362,2.96912,-0.1604031,0.07503299,2.969158,-0.2136954,-0.1943033,2.96609,-0.2085858,-0.4157712,2.894229,-0.2055471,-0.4634797,2.872088,0.1635535,0.06683434,3.001946,0.2051413,-0.1875875,2.980702,0.2191066,-0.4064703,2.891783,0.2192488,-0.5062022,2.854105,-0.05795343,-0.3101535,2.910212,-0.09162325,-0.71905,2.92899,-0.1224098,-1.075908,2.942319,-0.1262988,-1.145707,2.908807,0.08761888,-0.3044678,2.936013,0.118061,-0.6972458,2.913319,0.1397942,-1.058366,2.950388,0.1471553,-1.090437,2.876327,
7/24/2024 1:16:21 PM,3,0.01241791,-0.2346158,2.936452,0.005390038,-0.174915,2.991915,0.002880781,0.1725429,2.994946,0.004686764,0.3586864,2.975528,-0.1603733,0.0739569,2.970931,-0.2125599,-0.1957048,2.966308,-0.2114849,-0.4187261,2.900554,-0.2072285,-0.4647023,2.866909,0.1642681,0.06606685,3.004763,0.2052988,-0.1886622,2.979794,0.2189898,-0.4049765,2.892117,0.2163258,-0.4960427,2.852727,-0.05860217,-0.3103182,2.911104,-0.09202997,-0.7193062,2.930002,-0.1223259,-1.067441,2.941375,-0.1292649,-1.12917,2.906598,0.08697252,-0.3051115,2.936936,0.1171727,-0.698262,2.914074,0.1397174,-1.057643,2.951361,0.1364208,-1.123065,2.928436,
7/24/2024 1:16:21 PM,3,0.0121342,-0.2351455,2.937476,0.00553794,-0.1755639,2.993124,0.003299252,0.1728173,2.997352,0.004547642,0.3583695,2.975391,-0.160205,0.07196113,2.973483,-0.2135521,-0.204067,2.969313,-0.2117088,-0.4258037,2.898327,-0.2098764,-0.4692229,2.876431,0.1644377,0.06584533,3.005487,0.2048771,-0.1911661,2.978315,0.219134,-0.407218,2.890057,0.2222523,-0.5048232,2.845875,-0.05921299,-0.3108644,2.912385,-0.09195957,-0.7180145,2.930895,-0.1214669,-1.067654,2.943042,-0.1283943,-1.130715,2.906382,0.08679713,-0.3054402,2.937347,0.1173112,-0.6968285,2.914706,0.1396405,-1.057669,2.95131,0.146703,-1.089623,2.877451,
7/24/2024 1:16:21 PM,3,0.01234878,-0.2356532,2.93837,0.005715374,-0.1761574,2.993943,0.003029271,0.1718209,2.997671,0.00462799,0.3587282,2.979228,-0.1593605,0.07158414,2.975484,-0.2103588,-0.2085355,2.969436,-0.2126109,-0.430052,2.897533,-0.2099149,-0.4692611,2.876457,0.1658651,0.06459387,3.007274,0.2048977,-0.1912355,2.978482,0.2193693,-0.4068699,2.889001,0.2230156,-0.5037327,2.845978,-0.05897906,-0.3114797,2.913749,-0.09195225,-0.7179613,2.931003,-0.1230263,-1.065053,2.941369,-0.1277734,-1.133357,2.905258,0.08715566,-0.305957,2.937966,0.1173828,-0.6972312,2.915128,0.1396854,-1.057903,2.95201,0.146711,-1.089826,2.878256,
7/24/2024 1:16:21 PM,3,0.01212311,-0.2357769,2.93933,0.004948142,-0.1764806,2.995162,-0.001417111,0.1756335,3.002548,0.007344645,0.3600769,2.976626,-0.1589555,0.07137369,2.975526,-0.2099461,-0.2110156,2.969132,-0.2140656,-0.4326036,2.897454,-0.2113318,-0.4713391,2.878902,0.16624,0.06545483,3.009182,0.2048928,-0.1918601,2.979587,0.2194718,-0.4068102,2.888105,0.2232127,-0.5040296,2.846388,-0.05892771,-0.311416,2.91427,-0.09222978,-0.7182704,2.931367,-0.1229015,-1.064051,2.940058,-0.1269941,-1.133992,2.903842,0.08708297,-0.3060927,2.938807,0.1170925,-0.6979268,2.916253,0.1388982,-1.058036,2.952342,0.1362755,-1.125347,2.929568,
7/24/2024 1:16:21 PM,3,0.01229194,-0.2370115,2.940523,0.00513122,-0.1778036,2.996511,-0.001190194,0.1742086,3.004177,0.01040519,0.360897,2.984757,-0.1586882,0.07103732,2.976612,-0.2081887,-0.2121621,2.972738,-0.2133548,-0.4321975,2.89536,-0.2106273,-0.4718438,2.878559,0.1663057,0.06528366,3.009932,0.2056917,-0.1927778,2.979957,0.219574,-0.407629,2.887941,0.2234409,-0.5017454,2.852897,-0.058719,-0.3124386,2.915118,-0.09221445,-0.7183531,2.931138,-0.1226134,-1.064887,2.940518,-0.1261286,-1.137822,2.905547,0.08731703,-0.3071856,2.939796,0.1179953,-0.6987596,2.917225,0.1388144,-1.057259,2.952553,0.1461394,-1.089031,2.878876,
7/24/2024 1:16:21 PM,3,0.01242166,-0.2376963,2.941766,0.005283216,-0.1791613,2.998328,-0.001512904,0.1738395,3.011263,0.01114648,0.3569686,2.981208,-0.1582477,0.06992535,2.978353,-0.208352,-0.2128738,2.971714,-0.2130776,-0.4331419,2.895197,-0.2077823,-0.4728131,2.873944,0.1660705,0.0640988,3.010964,0.2059482,-0.1783784,2.983991,0.219237,-0.4022718,2.892765,0.2226991,-0.5054482,2.850876,-0.05854576,-0.3125575,2.915398,-0.09222972,-0.7183995,2.931136,-0.1225033,-1.064838,2.940877,-0.127186,-1.126719,2.9095,0.08743569,-0.3080443,2.940945,0.1180515,-0.6988752,2.917345,0.1389751,-1.057372,2.952163,0.146187,-1.089057,2.878298,
7/24/2024 1:16:21 PM,3,0.01236031,-0.2375615,2.942276,0.005712119,-0.1790804,2.998713,-0.001327564,0.1714313,3.010261,0.01310959,0.3553899,2.982219,-0.1586566,0.07021411,2.982718,-0.2068252,-0.203693,2.968638,-0.2122897,-0.425459,2.897969,-0.2083007,-0.4756479,2.880002,0.1655819,0.06430014,3.012082,0.2060199,-0.1752999,2.985656,0.2194587,-0.4005309,2.895393,0.2215818,-0.5018315,2.853958,-0.05856936,-0.3123786,2.916188,-0.09203781,-0.7185999,2.931485,-0.1226342,-1.065134,2.941311,-0.127253,-1.129732,2.909691,0.08738691,-0.3078633,2.941354,0.1179615,-0.6986518,2.917119,0.1397471,-1.056322,2.951727,0.1462227,-1.087976,2.877915,
7/24/2024 1:16:21 PM,3,0.01190426,-0.2387849,2.943282,0.004989023,-0.1800474,2.999857,-0.002286293,0.1722972,3.012274,0.01293847,0.3563809,2.984216,-0.1577499,0.06921775,2.982454,-0.2085364,-0.206078,2.972329,-0.2123417,-0.4261825,2.895503,-0.207938,-0.4787201,2.879853,0.165437,0.06462162,3.013265,0.204936,-0.1878157,2.983738,0.2196182,-0.4035179,2.894579,0.2198218,-0.5028086,2.85747,-0.05858041,-0.3134651,2.917185,-0.09204733,-0.7194719,2.932652,-0.1227053,-1.064554,2.940772,-0.1269664,-1.133919,2.904925,0.08689273,-0.3083743,2.941817,0.1177936,-0.6997126,2.917953,0.1398355,-1.057474,2.951699,0.1389754,-1.122974,2.931924,
7/24/2024 1:16:21 PM,3,0.01176574,-0.2387766,2.944178,0.004435662,-0.1800271,3.000828,-0.002582698,0.1723473,3.013016,0.009592778,0.3583248,2.989103,-0.1575546,0.06881551,2.981996,-0.2077744,-0.2066085,2.971934,-0.2111624,-0.4259481,2.892613,-0.2067248,-0.4772227,2.874272,0.1663485,0.06503101,3.015394,0.2077272,-0.1820679,2.987171,0.2193955,-0.4019129,2.896192,0.2199841,-0.5037795,2.858435,-0.05870727,-0.3133991,2.91763,-0.09199369,-0.7194288,2.93267,-0.1224217,-1.063812,2.942195,-0.1266254,-1.133743,2.905008,0.08693174,-0.3087391,2.942937,0.1176875,-0.6997203,2.91827,0.1396383,-1.057653,2.951817,0.1469159,-1.089237,2.87823,
7/24/2024 1:16:21 PM,3,0.01289153,-0.2388987,2.945867,0.005366724,-0.1800874,3.002338,-0.002159206,0.1720182,3.013382,0.01071898,0.3593211,2.992951,-0.1577501,0.06864063,2.983378,-0.2085765,-0.2048277,2.971725,-0.2108731,-0.4249355,2.895733,-0.2059465,-0.4734262,2.874171,0.166781,0.06550778,3.017215,0.2168806,-0.1575285,3.00196,0.2195257,-0.4022529,2.89659,0.2194637,-0.499095,2.864164,-0.05794653,-0.3136159,2.918434,-0.09176597,-0.7191712,2.932707,-0.122659,-1.067539,2.94398,-0.1252403,-1.139984,2.905095,0.08893571,-0.3095567,2.946062,0.1176018,-0.6997188,2.918324,0.1392807,-1.058454,2.954104,0.1466031,-1.090032,2.880612,
7/24/2024 1:16:21 PM,3,0.01330695,-0.2387785,2.946457,0.0057061,-0.180009,3.00303,-0.001836464,0.1721306,3.01434,0.01338887,0.3595694,2.9943,-0.157101,0.06854247,2.984348,-0.2077977,-0.2060797,2.971289,-0.2111329,-0.4266469,2.897189,-0.2071678,-0.467105,2.870344,0.1661571,0.06691493,3.01878,0.2035997,-0.1754356,2.999582,0.2278245,-0.3918485,2.916015,0.2263116,-0.4977655,2.874258,-0.05730747,-0.3132977,2.918841,-0.09261869,-0.7209646,2.933498,-0.1228778,-1.068123,2.94389,-0.1252025,-1.143602,2.895658,0.08920857,-0.3093137,2.94666,0.1166588,-0.6969893,2.918516,0.1393624,-1.057395,2.953534,0.146776,-1.088945,2.880095,
7/24/2024 1:16:21 PM,3,0.01257429,-0.2443146,2.947757,0.004670995,-0.1842166,3.004455,-0.001897339,0.1715139,3.015725,0.01454975,0.3586278,2.994347,-0.1531307,0.06595697,2.983051,-0.2069636,-0.2089823,2.975259,-0.2021834,-0.4264619,2.891201,-0.209274,-0.5045998,2.861028,0.1664022,0.06102661,3.019345,0.2042872,-0.1756368,2.999012,0.2203655,-0.3976093,2.909252,0.2204075,-0.5027876,2.869852,-0.05735201,-0.3172065,2.920141,-0.09232239,-0.7213069,2.934003,-0.1234111,-1.067456,2.944586,-0.1266309,-1.143002,2.893848,0.08772264,-0.3132773,2.947382,0.1171598,-0.6974183,2.919193,0.1409068,-1.05777,2.956747,0.1489752,-1.089329,2.883429,
7/24/2024 1:16:21 PM,3,0.01404503,-0.2430122,2.948538,0.005787026,-0.1829784,3.005217,-4.640443E-05,0.1732171,3.016629,0.01826437,0.3594124,2.9925,-0.15286,0.06633419,2.983513,-0.2055744,-0.2101034,2.975252,-0.2070857,-0.4294744,2.897386,-0.2084473,-0.4716335,2.875215,0.168518,0.06141884,3.022352,0.2027108,-0.174476,2.999373,0.2201603,-0.3986773,2.907866,0.2169304,-0.4986673,2.867775,-0.05653523,-0.3165303,2.920705,-0.0918123,-0.7203345,2.933982,-0.1226661,-1.068524,2.944239,-0.1263458,-1.14351,2.894442,0.08948152,-0.3123723,2.948094,0.1164567,-0.697523,2.919983,0.14118,-1.057409,2.957338,0.1497647,-1.088955,2.884121,
7/24/2024 1:16:21 PM,3,0.01465548,-0.242337,2.949121,0.006209693,-0.1826513,3.005647,-2.675745E-05,0.1727285,3.016795,0.01791044,0.3590244,2.992347,-0.1532953,0.0662896,2.984401,-0.2040083,-0.2157088,2.988698,-0.2072244,-0.4293388,2.894015,-0.2074893,-0.4708343,2.8735,0.1689838,0.06167482,3.02322,0.2031784,-0.1724698,2.998403,0.2201978,-0.3986748,2.907858,0.2167266,-0.4987743,2.869355,-0.05583989,-0.3161159,2.921611,-0.09129868,-0.7208856,2.934541,-0.1226011,-1.068365,2.944316,-0.126544,-1.143412,2.894376,0.09020066,-0.3119721,2.948348,0.1163552,-0.6977403,2.920081,0.1410171,-1.057189,2.957829,0.1495545,-1.088721,2.884646,
7/24/2024 1:16:21 PM,3,0.01468846,-0.2424265,2.94945,0.006276811,-0.1828353,3.006011,0.0005721681,0.1720892,3.017265,0.01599813,0.3585076,2.99203,-0.1529383,0.06621104,2.984204,-0.2036458,-0.2145807,2.986997,-0.2071694,-0.4287575,2.893818,-0.2071556,-0.4716986,2.870582,0.1687457,0.06172196,3.023209,0.2040983,-0.1834497,2.993068,0.2201809,-0.399551,2.906929,0.2168931,-0.498946,2.869745,-0.05576934,-0.3161082,2.922037,-0.09104466,-0.7199599,2.935572,-0.1227431,-1.068416,2.944461,-0.1270084,-1.143682,2.893532,0.09008899,-0.3119777,2.948694,0.1171171,-0.698516,2.921275,0.1417206,-1.058003,2.959,0.1503068,-1.089517,2.885854,
7/24/2024 1:16:21 PM,3,0.01476823,-0.2408456,2.9504,0.006709378,-0.1810798,3.007273,0.001526193,0.1765406,3.020426,0.01237699,0.3591636,2.983955,-0.1532509,0.06778812,2.986971,-0.2043942,-0.2119774,2.989486,-0.2069692,-0.4257383,2.895032,-0.2056318,-0.471823,2.881504,0.1684771,0.06344406,3.024414,0.2058717,-0.1979019,2.995174,0.2210518,-0.4117585,2.90237,0.2171505,-0.5030494,2.873052,-0.05567199,-0.3143926,2.923467,-0.09094275,-0.7199234,2.93549,-0.1228092,-1.06893,2.944613,-0.1289314,-1.14498,2.893026,0.08998855,-0.3105711,2.94904,0.1169273,-0.6980998,2.922069,0.141898,-1.057406,2.960265,0.1501286,-1.088875,2.887083,
7/24/2024 1:16:21 PM,3,0.01420937,-0.2400099,2.951386,0.006218549,-0.1805562,3.008168,0.001281616,0.1759705,3.021122,0.0136032,0.3585081,2.984272,-0.1531326,0.06776049,2.987008,-0.2041797,-0.2124024,2.989965,-0.2078387,-0.4267463,2.897152,-0.2038321,-0.4739333,2.881001,0.1687673,0.06383023,3.024866,0.2037584,-0.1815973,3.000938,0.2202216,-0.3990467,2.907099,0.2169001,-0.499501,2.871832,-0.05618694,-0.3134736,2.924441,-0.09124434,-0.7198334,2.936402,-0.1228032,-1.070627,2.944732,-0.1287218,-1.146772,2.894966,0.0893329,-0.3099933,2.949829,0.1175022,-0.6980758,2.923958,0.1407018,-1.059507,2.960482,0.1489993,-1.09097,2.887327,
7/24/2024 1:16:21 PM,3,0.01453585,-0.2397635,2.952187,0.00654786,-0.1804242,3.0091,0.00159001,0.1757961,3.022507,0.01481468,0.3583581,2.985474,-0.1531201,0.067813,2.98706,-0.2048053,-0.2124462,2.991149,-0.2104253,-0.4281112,2.902051,-0.2053982,-0.4682219,2.884869,0.1687022,0.06383782,3.024999,0.2034179,-0.1909944,2.998779,0.2206258,-0.4045454,2.905549,0.2178426,-0.499478,2.871513,-0.055916,-0.3132411,2.924875,-0.09119581,-0.7198136,2.936177,-0.1222476,-1.070973,2.945508,-0.1278247,-1.146252,2.896337,0.08966264,-0.3098061,2.950791,0.1174019,-0.697681,2.923539,0.1405301,-1.0592,2.960325,0.1488481,-1.090639,2.88719,
7/24/2024 1:16:21 PM,3,0.01491328,-0.2391746,2.952275,0.006804749,-0.1796383,3.009104,0.001408122,0.1771575,3.021373,0.01335884,0.3585249,2.980981,-0.1531071,0.06810816,2.98699,-0.2042336,-0.2115395,2.99122,-0.2096674,-0.4280578,2.904528,-0.2065002,-0.466754,2.889664,0.1687611,0.06375363,3.025138,0.204668,-0.1901277,3.00024,0.2205561,-0.4033107,2.905716,0.2211021,-0.5011617,2.868688,-0.05542253,-0.312678,2.924972,-0.09015919,-0.7150175,2.938369,-0.1214744,-1.061817,2.946054,-0.1130843,-1.093328,2.872836,0.09008146,-0.3093766,2.951102,0.1175672,-0.6978251,2.923728,0.1404297,-1.059174,2.960444,0.1347243,-1.124808,2.943094,
7/24/2024 1:16:21 PM,3,0.01487624,-0.2388714,2.952777,0.006430128,-0.1792457,3.009692,0.0008166316,0.1786759,3.022697,0.01144049,0.3568029,2.974812,-0.1534109,0.06876548,2.987386,-0.2040017,-0.2098188,2.989928,-0.2112305,-0.4281524,2.909058,-0.205839,-0.4625793,2.890658,0.1690291,0.06533958,3.027705,0.2040465,-0.1811851,3.00297,0.2204003,-0.3993437,2.907419,0.2220905,-0.5021059,2.868635,-0.05551238,-0.3124799,2.925232,-0.0908833,-0.7135869,2.937535,-0.1213573,-1.061647,2.946717,-0.112528,-1.093192,2.873444,0.0902082,-0.3092773,2.951695,0.1180582,-0.6981698,2.923891,0.1396992,-1.057809,2.960429,0.1351529,-1.123497,2.942575,
7/24/2024 1:16:21 PM,3,0.01514643,-0.2383856,2.953244,0.006538904,-0.1789818,3.010079,0.0003434692,0.178201,3.023133,0.01274067,0.3554473,2.973369,-0.153424,0.06871537,2.987496,-0.2037554,-0.2115623,2.989874,-0.2115028,-0.4297835,2.908492,-0.2041762,-0.4650462,2.887599,0.1693525,0.06531104,3.02797,0.2079263,-0.1996666,2.995315,0.2206881,-0.4670744,2.883899,0.2297051,-0.5449975,2.854629,-0.05531931,-0.3122287,2.92537,-0.09065372,-0.7136031,2.937403,-0.1219606,-1.061074,2.946313,-0.1130948,-1.092657,2.872939,0.09083588,-0.3089238,2.95242,0.1181163,-0.6980891,2.923903,0.1398855,-1.057252,2.960885,0.1487513,-1.088835,2.88751,
7/24/2024 1:16:21 PM,3,0.01519643,-0.2382797,2.953624,0.00651592,-0.1788872,3.010402,-0.000275023,0.178068,3.023262,0.01189142,0.3560635,2.974637,-0.1534585,0.06866394,2.987627,-0.2057693,-0.2091159,2.991144,-0.2126205,-0.4286024,2.913652,-0.2066757,-0.4688706,2.889667,0.1690268,0.06587707,3.028103,0.2084411,-0.1999748,2.995798,0.2206554,-0.413271,2.900649,0.2193297,-0.5024775,2.867564,-0.05522978,-0.3121977,2.925502,-0.09040458,-0.7131628,2.937905,-0.1223791,-1.064509,2.947908,-0.1282784,-1.12407,2.913445,0.09106796,-0.3087127,2.953415,0.1180939,-0.6984569,2.924374,0.1398509,-1.057535,2.961087,0.1486847,-1.089075,2.887816,
7/24/2024 1:16:21 PM,3,0.01433089,-0.2367874,2.954134,0.005914291,-0.1774203,3.011036,-0.0006507614,0.1792667,3.024093,0.0107518,0.3565424,2.973605,-0.1543237,0.0701097,2.9893,-0.2059441,-0.2086883,2.990677,-0.2111256,-0.4279124,2.912008,-0.2074953,-0.47654,2.892494,0.1687497,0.06623996,3.028314,0.2065641,-0.1939579,2.997207,0.2208206,-0.4076564,2.903344,0.2180484,-0.504489,2.866186,-0.05614581,-0.3105177,2.926226,-0.08995333,-0.7114884,2.937884,-0.1224782,-1.05493,2.951301,-0.1139251,-1.086504,2.877892,0.09008011,-0.3074323,2.953506,0.1185666,-0.6974474,2.923983,0.1400612,-1.057608,2.960672,0.1486144,-1.089183,2.887263,
7/24/2024 1:16:21 PM,3,0.01477256,-0.2361496,2.95504,0.005884666,-0.1766943,3.011804,-0.001053839,0.180115,3.024419,0.007865537,0.3582922,2.975123,-0.1545457,0.07000491,2.98947,-0.2056823,-0.2086233,2.990084,-0.2108946,-0.4281116,2.912274,-0.2067852,-0.4743447,2.890241,0.1693227,0.06674351,3.030811,0.2082964,-0.1869151,3.001272,0.224364,-0.4059515,2.923718,0.2232592,-0.5085276,2.875955,-0.05574257,-0.3105063,2.926994,-0.09203832,-0.7205408,2.94065,-0.1216192,-1.057669,2.952408,-0.1272187,-1.131372,2.914231,0.09095374,-0.3064997,2.954674,0.1186376,-0.6978691,2.923984,0.1397749,-1.057288,2.96054,0.1487911,-1.088864,2.887224,
7/24/2024 1:16:22 PM,3,0.01479159,-0.2359951,2.955142,0.006094161,-0.1765536,3.011884,-0.001079868,0.180099,3.0242,0.006072028,0.3585427,2.974951,-0.1547977,0.06995717,2.990018,-0.2049499,-0.2082952,2.989036,-0.2113475,-0.4272892,2.909569,-0.2064575,-0.4763693,2.887172,0.1691731,0.06704272,3.030077,0.208068,-0.1922305,3.000822,0.2203795,-0.4084547,2.913538,0.2254476,-0.5186257,2.887939,-0.05567144,-0.310555,2.927406,-0.09154745,-0.7199855,2.940235,-0.121678,-1.063193,2.948386,-0.1267785,-1.143371,2.902755,0.09095291,-0.3060063,2.954668,0.118669,-0.6981793,2.924441,0.1397626,-1.057019,2.960322,0.1484764,-1.088602,2.886963,
7/24/2024 1:16:22 PM,3,0.01521036,-0.2355286,2.955331,0.006509497,-0.1760345,3.012099,-0.001696609,0.1811892,3.024426,0.006317051,0.356186,2.968332,-0.1553492,0.07040533,2.990834,-0.2062631,-0.2057849,2.980225,-0.2091704,-0.4265143,2.906585,-0.2047108,-0.4763391,2.885031,0.1687088,0.0672482,3.029857,0.208753,-0.1832008,3.007609,0.2170137,-0.4623687,2.885478,0.2175957,-0.5450293,2.873546,-0.05499889,-0.3101542,2.92732,-0.09208715,-0.7182237,2.939402,-0.1211337,-1.065618,2.948951,-0.1255269,-1.141672,2.90352,0.09155353,-0.3054944,2.955159,0.1193192,-0.6969274,2.924006,0.139713,-1.056774,2.960096,0.1482046,-1.088351,2.886716,
7/24/2024 1:16:22 PM,3,0.01523391,-0.2353176,2.955436,0.006784408,-0.1759182,3.012174,-0.001596829,0.180512,3.024057,0.00507953,0.3609676,2.978261,-0.1558236,0.07051344,2.991344,-0.2054026,-0.208008,2.985029,-0.2094996,-0.4270351,2.905558,-0.2062122,-0.4779554,2.886455,0.1682879,0.06735469,3.028614,0.2085338,-0.1822223,3.007464,0.2219541,-0.4071775,2.912068,0.2186108,-0.5152787,2.879194,-0.05499839,-0.3100049,2.927412,-0.09193699,-0.7184025,2.939169,-0.1224005,-1.067177,2.948455,-0.1280305,-1.140538,2.903487,0.09157655,-0.3053921,2.95525,0.1193761,-0.696671,2.924236,0.1398907,-1.059231,2.961024,0.1479887,-1.090804,2.887619,
